"","sub_region","location","iso_code","estimate","MSM_size","region","pop2022","prop","imputed","prop_avg"
"1","Australia and New Zealand","New Zealand","NZL",37.5,84.5201944,"Oceania",5185.288,0.00723199945692505,37.5,0.00864896459783293
"2","Australia and New Zealand","Australia","AUS",263.5,426.6918319,"Oceania",26177.413,0.0100659297387408,263.5,0.00864896459783293
"3","Central Asia","Turkmenistan","TKM",NA,135.689247,"Asia",6430.77,0.0211,135.689247,0.00985826855684683
"4","Central Asia","Tajikistan","TJK",13.4,210.0038057,"Asia",9952.787,0.0013463565531946,13.4,0.00985826855684683
"5","Central Asia","Kyrgyzstan","KGZ",16.9,139.9061453,"Asia",6630.623,0.00254878010708798,16.9,0.00985826855684683
"6","Central Asia","Uzbekistan","UZB",NA,730.6434572,"Asia",34627.652,0.0211,730.6434572,0.00985826855684683
"7","Central Asia","Kazakhstan","KAZ",62,409.2977578,"Asia",19397.998,0.00319620612395155,62,0.00985826855684683
"8","Eastern Asia","Korea, Republic of","KOR",NA,NA,"Asia",51815.81,0.0100400113280723,520.231319373243,0.0100400113280723
"9","Eastern Asia","Macao","MAC",NA,NA,"Asia",695.168,0.0100400113280723,6.97949459491339,0.0100400113280723
"10","Eastern Asia","Japan","JPN",700,2020.4125796,"Asia",123951.692,0.00564736139301753,700,0.0100400113280723
"11","Eastern Asia","Korea (Democratic People's Republic of)","PRK",NA,NA,"Asia",26069.416,0.0100400113280723,261.73723195623,0.0100400113280723
"12","Eastern Asia","Mongolia","MNG",6.5,55.3933658,"Asia",3398.366,0.00191268391927179,6.5,0.0100400113280723
"13","Eastern Asia","Hong Kong","HKG",NA,122.0684995,"Asia",7488.865,0.0163,122.0684995,0.0100400113280723
"14","Eastern Asia","China","CHN",NA,23241.9635931,"Asia",1425887.337,0.0163,23241.9635931,0.0100400113280723
"15","Eastern Asia","Taiwan, Province of China","TWN",NA,NA,"Asia",23893.394,0.0100400113280723,239.889946426095,0.0100400113280723
"16","Eastern Europe","Bulgaria","BGR",57.8,143.0992083,"Europe",6781.953,0.00852261877957573,57.8,0.0105865286816708
"17","Eastern Europe","Slovakia","SVK",NA,119.0768583,"Europe",5643.453,0.0211,119.0768583,0.0105865286816708
"18","Eastern Europe","Russian Federation","RUS",NA,NA,"Europe",144713.314,0.0105865286816708,1532.01164928064,0.0105865286816708
"19","Eastern Europe","Belarus","BLR",32,201.1875294,"Europe",9534.954,0.00335607282426323,32,0.0105865286816708
"20","Eastern Europe","Romania","ROU",10.5,414.8105337,"Europe",19659.267,0.000534099262195279,10.5,0.0105865286816708
"21","Eastern Europe","Czechia","CZE",NA,NA,"Europe",10493.986,0.0105865286816708,111.094883774052,0.0105865286816708
"22","Eastern Europe","Moldova, Republic of","MDA",14.6,NA,"Europe",3272.996,0.00446074483439638,14.6,0.0105865286816708
"23","Eastern Europe","Ukraine","UKR",179.4,837.7066929,"Europe",39701.739,0.00451869375293611,179.4,0.0105865286816708
"24","Eastern Europe","Poland","POL",NA,840.9857595,"Europe",39857.145,0.0211,840.9857595,0.0105865286816708
"25","Eastern Europe","Hungary","HUN",NA,210.3101988,"Europe",9967.308,0.0211,210.3101988,0.0105865286816708
"26","Latin America and the Caribbean","Curaçao","CUW",NA,NA,"Americas",191.163,0.0158483998336781,3.02962765740541,0.0158483998336781
"27","Latin America and the Caribbean","Ecuador","ECU",89.4,606.6337,"Americas",18001,0.00496639075606911,89.4,0.0158483998336781
"28","Latin America and the Caribbean","Bahamas","BHS",2.8,13.8164608,"Americas",409.984,0.00682953481111458,2.8,0.0158483998336781
"29","Latin America and the Caribbean","Guatemala","GTM",116.5,601.3396996,"Americas",17843.908,0.00652883886198023,116.5,0.0158483998336781
"30","Latin America and the Caribbean","Guyana","GUY",3.3,27.2540662,"Americas",808.726,0.00408049203314843,3.3,0.0158483998336781
"31","Latin America and the Caribbean","French Guiana","GUF",NA,10.2635709,"Americas",304.557,0.0337,10.2635709,0.0158483998336781
"32","Latin America and the Caribbean","Panama","PAN",29.6,148.5691797,"Americas",4408.581,0.00671417855314442,29.6,0.0158483998336781
"33","Latin America and the Caribbean","Honduras","HND",40.9,351.587382,"Americas",10432.86,0.00392030564964928,40.9,0.0158483998336781
"34","Latin America and the Caribbean","Cayman Islands","CYM",NA,2.3153922,"Americas",68.706,0.0337,2.3153922,0.0158483998336781
"35","Latin America and the Caribbean","Montserrat","MSR",NA,0.147943,"Americas",4.39,0.0337,0.147943,0.0158483998336781
"36","Latin America and the Caribbean","Bolivia (Plurinational State of)","BOL",35.5,NA,"Americas",12224.11,0.00290409690357826,35.5,0.0158483998336781
"37","Latin America and the Caribbean","Argentina","ARG",205.6,1533.6977166,"Americas",45510.318,0.00451765685311186,205.6,0.0158483998336781
"38","Latin America and the Caribbean","Falkland Islands (Malvinas)","FLK",NA,NA,"Americas",3.78,0.0158483998336781,0.0599069513713033,0.0158483998336781
"39","Latin America and the Caribbean","Anguilla","AIA",NA,0.5343809,"Americas",15.857,0.0337,0.5343809,0.0158483998336781
"40","Latin America and the Caribbean","Cuba","CUB",279.2,377.8508367,"Americas",11212.191,0.0249014666268172,279.2,0.0158483998336781
"41","Latin America and the Caribbean","Venezuela (Bolivarian Republic of)","VEN",210.8,NA,"Americas",28301.696,0.00744831687825352,210.8,0.0158483998336781
"42","Latin America and the Caribbean","Antigua and Barbuda","ATG",NA,3.1598131,"Americas",93.763,0.0337,3.1598131,0.0158483998336781
"43","Latin America and the Caribbean","Dominican Republic","DOM",142,378.4112677,"Americas",11228.821,0.0126460293560651,142,0.0158483998336781
"44","Latin America and the Caribbean","Uruguay","URY",28.6,115.3481578,"Americas",3422.794,0.00835574679633072,28.6,0.0158483998336781
"45","Latin America and the Caribbean","Aruba","ABW",NA,3.5871965,"Americas",106.445,0.0337,3.5871965,0.0158483998336781
"46","Latin America and the Caribbean","Costa Rica","CRI",10.1,174.5939373,"Americas",5180.829,0.00194949495534402,10.1,0.0158483998336781
"47","Latin America and the Caribbean","Peru","PER",260,1147.4711156,"Americas",34049.588,0.00763592205579697,260,0.0158483998336781
"48","Latin America and the Caribbean","Virgin Islands (British)","VGB",NA,NA,"Americas",31.305,0.0158483998336781,0.496134156793293,0.0158483998336781
"49","Latin America and the Caribbean","Saint Martin (French part)","MAF",NA,NA,"Americas",31.791,0.0158483998336781,0.503836479112461,0.0158483998336781
"50","Latin America and the Caribbean","Barbados","BRB",2.6,9.4910995,"Americas",281.635,0.00923180712624496,2.6,0.0158483998336781
"51","Latin America and the Caribbean","Brazil","BRA",2000,7256.0648826,"Americas",215313.498,0.00928878132851662,2000,0.0158483998336781
"52","Latin America and the Caribbean","Martinique","MTQ",NA,12.3849859,"Americas",367.507,0.0337,12.3849859,0.0158483998336781
"53","Latin America and the Caribbean","Saint Barthélemy","BLM",NA,NA,"Americas",10.967,0.0158483998336781,0.173809400975948,0.0158483998336781
"54","Latin America and the Caribbean","Belize","BLZ",NA,13.6576664,"Americas",405.272,0.0337,13.6576664,0.0158483998336781
"55","Latin America and the Caribbean","Guadeloupe","GLP",NA,13.3368424,"Americas",395.752,0.0337,13.3368424,0.0158483998336781
"56","Latin America and the Caribbean","Mexico","MEX",1200,4296.8890125,"Americas",127504.125,0.00941146021746355,1200,0.0158483998336781
"57","Latin America and the Caribbean","Saint Lucia","LCA",3,6.0611809,"Americas",179.857,0.0166799179348038,3,0.0158483998336781
"58","Latin America and the Caribbean","El Salvador","SLV",54.1,213.5364104,"Americas",6336.392,0.00853798186728346,54.1,0.0158483998336781
"59","Latin America and the Caribbean","Saint Kitts and Nevis","KNA",NA,1.6060409,"Americas",47.657,0.0337,1.6060409,0.0158483998336781
"60","Latin America and the Caribbean","Sint Maarten (Dutch part)","SXM",NA,NA,"Americas",44.175,0.0158483998336781,0.700103062652731,0.0158483998336781
"61","Latin America and the Caribbean","Puerto Rico","PRI",NA,109.6061159,"Americas",3252.407,0.0337,109.6061159,0.0158483998336781
"62","Latin America and the Caribbean","Virgin Islands (U.S.)","VIR",NA,NA,"Americas",99.465,0.0158483998336781,1.57636108945679,0.0158483998336781
"63","Latin America and the Caribbean","Chile","CHL",122.6,660.6458021,"Americas",19603.733,0.00625391092604658,122.6,0.0158483998336781
"64","Latin America and the Caribbean","Jamaica","JAM",42.4,95.2826049,"Americas",2827.377,0.0149962314894689,42.4,0.0158483998336781
"65","Latin America and the Caribbean","Grenada","GRD",2.4,4.2272606,"Americas",125.438,0.0191329581147659,2.4,0.0158483998336781
"66","Latin America and the Caribbean","Saint Vincent and the Grenadines","VCT",0.3,3.5030476,"Americas",103.948,0.0028860584138223,0.3,0.0158483998336781
"67","Latin America and the Caribbean","Colombia","COL",356.7,1748.1546088,"Americas",51874.024,0.00687627395167955,356.7,0.0158483998336781
"68","Latin America and the Caribbean","Dominica","DMA",0.5,2.4512369,"Americas",72.737,0.00687408059172086,0.5,0.0158483998336781
"69","Latin America and the Caribbean","Trinidad and Tobago","TTO",NA,51.5961828,"Americas",1531.044,0.0337,51.5961828,0.0158483998336781
"70","Latin America and the Caribbean","Nicaragua","NIC",35.5,234.1608104,"Americas",6948.392,0.00510909574474209,35.5,0.0158483998336781
"71","Latin America and the Caribbean","Paraguay","PRY",27.7,228.5110728,"Americas",6780.744,0.00408509744653389,27.7,0.0158483998336781
"72","Latin America and the Caribbean","Haiti","HTI",30.9,390.4143652,"Americas",11584.996,0.00266724304436532,30.9,0.0158483998336781
"73","Latin America and the Caribbean","Suriname","SUR",1.3,20.827948,"Americas",618.04,0.00210342372661964,1.3,0.0158483998336781
"74","Latin America and the Caribbean","Turks and Caicos Islands","TCA",NA,1.5401911,"Americas",45.703,0.0337,1.5401911,0.0158483998336781
"75","Melanesia","New Caledonia","NCL",NA,4.726185,"Oceania",289.95,0.0163,4.726185,0.0105805974070543
"76","Melanesia","Solomon Islands","SLB",0.2,11.8056499,"Oceania",724.273,0.00027613896969789,0.2,0.0105805974070543
"77","Melanesia","Papua New Guinea","PNG",37.8,165.3246897,"Oceania",10142.619,0.0037268480655736,37.8,0.0105805974070543
"78","Melanesia","Vanuatu","VUT",NA,5.325862,"Oceania",326.74,0.0163,5.325862,0.0105805974070543
"79","Melanesia","Fiji","FJI",NA,15.1551858,"Oceania",929.766,0.0163,15.1551858,0.0105805974070543
"80","Micronesia","Micronesia (Federated States of)","FSM",NA,NA,"Oceania",114.164,0.0163,1.8608732,0.0163
"81","Micronesia","Guam","GUM",NA,2.7999162,"Oceania",171.774,0.0163,2.7999162,0.0163
"82","Micronesia","Kiribati","KIR",NA,2.1390816,"Oceania",131.232,0.0163,2.1390816,0.0163
"83","Micronesia","Palau","PLW",NA,0.2942965,"Oceania",18.055,0.0163,0.2942965,0.0163
"84","Micronesia","Northern Mariana Islands","MNP",NA,0.8076813,"Oceania",49.551,0.0163,0.8076813,0.0163
"85","Micronesia","Marshall Islands","MHL",NA,0.6775747,"Oceania",41.569,0.0163,0.6775747,0.0163
"86","Micronesia","Nauru","NRU",NA,0.2064884,"Oceania",12.668,0.0163,0.2064884,0.0163
"87","Northern Africa","Morocco","MAR",42,382.0713042,"Africa",37457.971,0.00112125667458069,42,0.0053403885009339
"88","Northern Africa","Tunisia","TUN",28,126.0323934,"Africa",12356.117,0.00226608407803196,28,0.0053403885009339
"89","Northern Africa","Sudan","SDN",132,478.1168808,"Africa",46874.204,0.00281604782024672,132,0.0053403885009339
"90","Northern Africa","Libya","LBY",NA,69.4858782,"Africa",6812.341,0.0102,69.4858782,0.0053403885009339
"91","Northern Africa","Egypt","EGY",64.3,1132.0990506,"Africa",110990.103,0.000579330933677933,64.3,0.0053403885009339
"92","Northern Africa","Algeria","DZA",NA,458.012895,"Africa",44903.225,0.0102,458.012895,0.0053403885009339
"93","Northern Africa","Western Sahara","ESH",NA,5.8750572,"Africa",575.986,0.0102,5.8750572,0.0053403885009339
"94","Northern America","Bermuda","BMU",NA,NA,"Americas",64.184,0.0111993537700254,0.718819322375309,0.0111993537700254
"95","Northern America","United States of America","USA",4500,NA,"Americas",338289.857,0.0133022019634482,4500,0.0111993537700254
"96","Northern America","Saint Pierre and Miquelon","SPM",NA,NA,"Americas",5.862,0.0111993537700254,0.0656506117998888,0.0111993537700254
"97","Northern America","Canada","CAN",349.8,NA,"Americas",38454.327,0.0090965055766026,349.8,0.0111993537700254
"98","Northern America","Greenland","GRL",NA,NA,"Americas",56.466,0.0111993537700254,0.632382709978253,0.0111993537700254
"99","Northern Europe","Latvia","LVA",NA,NA,"Europe",1850.651,0.0104967040624156,19.4257358698135,0.0104967040624156
"100","Northern Europe","Denmark","DNK",50,NA,"Europe",5882.261,0.00850013285707656,50,0.0104967040624156
"101","Northern Europe","Estonia","EST",9,NA,"Europe",1326.062,0.00678701297526058,9,0.0104967040624156
"102","Northern Europe","Norway","NOR",NA,NA,"Europe",5434.319,0.0104967040624156,57.0424383237622,0.0104967040624156
"103","Northern Europe","Isle of Man","IMN",NA,NA,"Europe",84.519,0.0104967040624156,0.887170930651303,0.0104967040624156
"104","Northern Europe","Faroe Islands","FRO",NA,NA,"Europe",53.09,0.0104967040624156,0.557270018673643,0.0104967040624156
"105","Northern Europe","United Kingdom of Great Britain and Northern Ireland","GBR",NA,NA,"Europe",67508.936,0.0104967040624156,708.621322760554,0.0104967040624156
"106","Northern Europe","Sweden","SWE",100,NA,"Europe",10549.347,0.00947925971152527,100,0.0104967040624156
"107","Northern Europe","Ireland","IRL",86.5,NA,"Europe",5023.109,0.0172204107057999,86.5,0.0104967040624156
"108","Northern Europe","Finland","FIN",NA,NA,"Europe",5540.745,0.0104967040624156,58.1595605503088,0.0104967040624156
"109","Northern Europe","Guernsey","GGY",NA,NA,"Europe",63.301,0.0104967040624156,0.664451863854969,0.0104967040624156
"110","Northern Europe","Lithuania","LTU",NA,NA,"Europe",2750.055,0.0104967040624156,28.8665134903663,0.0104967040624156
"111","Northern Europe","Iceland","ISL",NA,NA,"Europe",372.899,0.0104967040624156,3.91421044817071,0.0104967040624156
"112","Northern Europe","Jersey","JEY",NA,NA,"Europe",110.778,0.0104967040624156,1.16280388262627,0.0104967040624156
"113","Polynesia","Tonga","TON",NA,1.7417854,"Oceania",106.858,0.0163,1.7417854,0.0269799078462585
"114","Polynesia","French Polynesia","PYF",NA,4.9923477,"Oceania",306.279,0.0163,4.9923477,0.0269799078462585
"115","Polynesia","Samoa","WSM",25,3.6248266,"Oceania",222.382,0.0163,3.6248266,0.0269799078462585
"116","Polynesia","Tokelau","TKL",NA,0.0304973,"Oceania",1.871,0.0163,0.0304973,0.0269799078462585
"117","Polynesia","American Samoa","ASM",NA,0.7216499,"Oceania",44.273,0.0163,0.7216499,0.0269799078462585
"118","Polynesia","Wallis and Futuna","WLF",NA,0.1886236,"Oceania",11.572,0.0163,0.1886236,0.0269799078462585
"119","Polynesia","Tuvalu","TUV",NA,0.1843856,"Oceania",11.312,0.0163,0.1843856,0.0269799078462585
"120","Polynesia","Cook Islands","COK",NA,0.2772793,"Oceania",17.011,0.0163,0.2772793,0.0269799078462585
"121","Polynesia","Niue","NIU",NA,0.0315242,"Oceania",1.934,0.0163,0.0315242,0.0269799078462585
"122","South-eastern Asia","Philippines","PHL",678.1,1883.6118467,"Asia",115559.009,0.00586799770842618,678.1,0.00654206084599243
"123","South-eastern Asia","Cambodia","KHM",88,273.3158246,"Asia",16767.842,0.00524814105476423,88,0.00654206084599243
"124","South-eastern Asia","Indonesia","IDN",754.3,4490.6718257,"Asia",275501.339,0.00273791772750694,754.3,0.00654206084599243
"125","South-eastern Asia","Thailand","THA",527.9,1168.661589,"Asia",71697.03,0.00736292702780018,527.9,0.00654206084599243
"126","South-eastern Asia","Brunei Darussalam","BRN",NA,NA,"Asia",449.002,0.00654206084599243,2.93739840397229,0.00654206084599243
"127","South-eastern Asia","Viet Nam","VNM",256,NA,"Asia",98186.856,0.00260727362530072,256,0.00654206084599243
"128","South-eastern Asia","Malaysia","MYS",220,553.1930023,"Asia",33938.221,0.00648236688658489,220,0.00654206084599243
"129","South-eastern Asia","Singapore","SGP",NA,97.4037307,"Asia",5975.689,0.0163,97.4037307,0.00654206084599243
"130","South-eastern Asia","Myanmar","MMR",252,883.1226878,"Asia",54179.306,0.0046512223689244,252,0.00654206084599243
"131","South-eastern Asia","Lao People's Democratic Republic","LAO",57.8,NA,"Asia",7529.475,0.00767649802941108,57.8,0.00654206084599243
"132","South-eastern Asia","Timor-Leste","TLS",8.7,21.8631248,"Asia",1341.296,0.00648626403120564,8.7,0.00654206084599243
"133","Southern Asia","Bangladesh","BGD",101.7,2790.3378636,"Asia",171186.372,0.000594089347252479,101.7,0.00354514436230266
"134","Southern Asia","Maldives","MDV",NA,8.5377281,"Asia",523.787,0.0163,8.5377281,0.00354514436230266
"135","Southern Asia","India","IND",238.2,23099.9227199,"Asia",1417173.173,0.000168081081788866,238.2,0.00354514436230266
"136","Southern Asia","Afghanistan","AFG",10,670.3989673,"Asia",41128.771,0.000243138799357754,10,0.00354514436230266
"137","Southern Asia","Nepal","NPL",60.3,497.925554,"Asia",30547.58,0.00197396978745943,60.3,0.00354514436230266
"138","Southern Asia","Sri Lanka","LKA",73.8,355.8639309,"Asia",21832.143,0.00338033696463054,73.8,0.00354514436230266
"139","Southern Asia","Bhutan","BTN",1.7,12.7540165,"Asia",782.455,0.00217264890632688,1.7,0.00354514436230266
"140","Southern Asia","Iran (Islamic Republic of)","IRN",NA,NA,"Asia",88550.57,0.00354514436230266,313.924554014187,0.00354514436230266
"141","Southern Asia","Pakistan","PAK",832.2,3843.9452506,"Asia",235824.862,0.00352889001160531,832.2,0.00354514436230266
"142","Southern Europe","Malta","MLT",NA,NA,"Europe",533.286,0.00722311222776164,3.8519846274941,0.00722311222776164
"143","Southern Europe","Serbia","SRB",40,NA,"Europe",7221.365,0.00553911898927696,40,0.00722311222776164
"144","Southern Europe","North Macedonia","MKD",11.1,NA,"Europe",2093.599,0.00530187490536631,11.1,0.00722311222776164
"145","Southern Europe","Croatia","HRV",29.5,NA,"Europe",4030.358,0.00731944904149954,29.5,0.00722311222776164
"146","Southern Europe","Andorra","AND",NA,NA,"Europe",79.824,0.00722311222776164,0.576577710468845,0.00722311222776164
"147","Southern Europe","Gibraltar","GIB",NA,NA,"Europe",32.649,0.00722311222776164,0.23582739112419,0.00722311222776164
"148","Southern Europe","Albania","ALB",7.1,NA,"Europe",2842.321,0.00249795853459198,7.1,0.00722311222776164
"149","Southern Europe","Greece","GRC",94,NA,"Europe",10384.971,0.00905154188682857,94,0.00722311222776164
"150","Southern Europe","Italy","ITA",NA,NA,"Europe",59037.474,0.00722311222776164,426.43430034556,0.00722311222776164
"151","Southern Europe","Slovenia","SVN",NA,NA,"Europe",2119.844,0.00722311222776164,15.3118711173472,0.00722311222776164
"152","Southern Europe","Holy See","VAT",NA,NA,"Europe",0.51,0.00722311222776164,0.00368378723615844,0.00722311222776164
"153","Southern Europe","Spain","ESP",890.2,NA,"Europe",47558.63,0.0187179487718633,890.2,0.00722311222776164
"154","Southern Europe","Bosnia and Herzegovina","BIH",6.9,NA,"Europe",3233.526,0.00213389346490488,6.9,0.00722311222776164
"155","Southern Europe","Montenegro","MNE",NA,NA,"Europe",627.082,0.00722311222776164,4.52948366200923,0.00722311222776164
"156","Southern Europe","San Marino","SMR",NA,NA,"Europe",33.66,0.00722311222776164,0.243129957586457,0.00722311222776164
"157","Southern Europe","Portugal","PRT",NA,NA,"Europe",10270.865,0.00722311222776164,74.1876105711891,0.00722311222776164
"158","Sub-Saharan Africa","Gambia","GMB",1.7,39.236884,"Africa",2705.992,0.000628235412373725,1.7,0.00341280873420897
"159","Sub-Saharan Africa","Côte d'Ivoire","CIV",56,NA,"Africa",28160.542,0.00198859808877258,56,0.00341280873420897
"160","Sub-Saharan Africa","Djibouti","DJI",0.9,16.2523105,"Africa",1120.849,0.00080296275412656,0.9,0.00341280873420897
"161","Sub-Saharan Africa","Gabon","GAB",NA,34.640384,"Africa",2388.992,0.0145,34.640384,0.00341280873420897
"162","Sub-Saharan Africa","Burundi","BDI",9.3,186.898852,"Africa",12889.576,0.000721513260017242,9.3,0.00341280873420897
"163","Sub-Saharan Africa","Congo, Democratic Republic of the","COD",194.9,NA,"Africa",99010.212,0.00196848381659864,194.9,0.00341280873420897
"164","Sub-Saharan Africa","Cameroon","CMR",7,404.760772,"Africa",27914.536,0.000250765407671473,7,0.00341280873420897
"165","Sub-Saharan Africa","Guinea","GIN",0.8,200.9604445,"Africa",13859.341,5.77228022602229e-05,0.8,0.00341280873420897
"166","Sub-Saharan Africa","Congo","COG",1.3,NA,"Africa",5970.424,0.000217739979606139,1.3,0.00341280873420897
"167","Sub-Saharan Africa","Zambia","ZMB",6.5,290.2562875,"Africa",20017.675,0.000324713034855447,6.5,0.00341280873420897
"168","Sub-Saharan Africa","Mali","MLI",4.1,327.607055,"Africa",22593.59,0.000181467398496653,4.1,0.00341280873420897
"169","Sub-Saharan Africa","Ethiopia","ETH",NA,1789.008898,"Africa",123379.924,0.0145,1789.008898,0.00341280873420897
"170","Sub-Saharan Africa","Equatorial Guinea","GNQ",NA,24.286166,"Africa",1674.908,0.0145,24.286166,0.00341280873420897
"171","Sub-Saharan Africa","Rwanda","RWA",5,199.762121,"Africa",13776.698,0.000362931669112584,5,0.00341280873420897
"172","Sub-Saharan Africa","Mauritania","MRT",7.6,68.6740155,"Africa",4736.139,0.00160468263283658,7.6,0.00341280873420897
"173","Sub-Saharan Africa","Mauritius","MUS",5.5,18.8423005,"Africa",1299.469,0.00423249804343159,5.5,0.00341280873420897
"174","Sub-Saharan Africa","Mayotte","MYT",NA,4.7284645,"Africa",326.101,0.0145,4.7284645,0.00341280873420897
"175","Sub-Saharan Africa","Kenya","KEN",32.6,783.3985615,"Africa",54027.487,0.000603396563678781,32.6,0.00341280873420897
"176","Sub-Saharan Africa","Cabo Verde","CPV",NA,NA,"Africa",593.149,0.00341280873420897,2.02430408788731,0.00341280873420897
"177","Sub-Saharan Africa","Seychelles","SYC",0.2,1.553211,"Africa",107.118,0.00186709983382811,0.2,0.00341280873420897
"178","Sub-Saharan Africa","Niger","NER",48.9,380.0156665,"Africa",26207.977,0.00186584412829727,48.9,0.00341280873420897
"179","Sub-Saharan Africa","Nigeria","NGA",240,3168.847574,"Africa",218541.212,0.00109819103593147,240,0.00341280873420897
"180","Sub-Saharan Africa","Botswana","BWA",2.6,38.139292,"Africa",2630.296,0.000988481904698179,2.6,0.00341280873420897
"181","Sub-Saharan Africa","Eritrea","ERI",NA,53.418464,"Africa",3684.032,0.0145,53.418464,0.00341280873420897
"182","Sub-Saharan Africa","Tanzania, United Republic of","TZA",49.7,NA,"Africa",65497.748,0.000758804714934627,49.7,0.00341280873420897
"183","Sub-Saharan Africa","Angola","AGO",29.4,516.0403115,"Africa",35588.987,0.000826098253372595,29.4,0.00341280873420897
"184","Sub-Saharan Africa","Sao Tome and Principe","STP",0.02,3.29701,"Africa",227.38,8.79584835957428e-05,0.02,0.00341280873420897
"185","Sub-Saharan Africa","South Sudan","SSD",NA,158.240878,"Africa",10913.164,0.0145,158.240878,0.00341280873420897
"186","Sub-Saharan Africa","Comoros","COM",0.6,12.133223,"Africa",836.774,0.000717039487364569,0.6,0.00341280873420897
"187","Sub-Saharan Africa","Benin","BEN",5.8,193.616528,"Africa",13352.864,0.000434363743987807,5.8,0.00341280873420897
"188","Sub-Saharan Africa","Central African Republic","CAF",3,80.897588,"Africa",5579.144,0.000537716897072382,3,0.00341280873420897
"189","Sub-Saharan Africa","Malawi","MWI",42.6,295.8770965,"Africa",20405.317,0.00208769116402357,42.6,0.00341280873420897
"190","Sub-Saharan Africa","Guinea-Bissau","GNB",3.6,30.530707,"Africa",2105.566,0.00170975405187964,3.6,0.00341280873420897
"191","Sub-Saharan Africa","Lesotho","LSO",6.1,33.4344625,"Africa",2305.825,0.00264547396268147,6.1,0.00341280873420897
"192","Sub-Saharan Africa","Liberia","LBR",74.6,76.8888745,"Africa",5302.681,0.0140683552338902,74.6,0.00341280873420897
"193","Sub-Saharan Africa","Mozambique","MOZ",15.8,478.058011,"Africa",32969.518,0.000479230542587853,15.8,0.00341280873420897
"194","Sub-Saharan Africa","Uganda","UGA",24.1,685.1189825,"Africa",47249.585,0.000510057389922049,24.1,0.00341280873420897
"195","Sub-Saharan Africa","Senegal","SEN",52.5,251.0885105,"Africa",17316.449,0.00303179941799846,52.5,0.00341280873420897
"196","Sub-Saharan Africa","Eswatini","SWZ",4,17.424215,"Africa",1201.67,0.00332870089125966,4,0.00341280873420897
"197","Sub-Saharan Africa","Réunion","REU",NA,NA,"Africa",974.052,0.00341280873420897,3.32425317317371,0.00341280873420897
"198","Sub-Saharan Africa","Togo","TGO",6.1,128.3061355,"Africa",8848.699,0.000689366877548892,6.1,0.00341280873420897
"199","Sub-Saharan Africa","Ghana","GHA",54.8,485.400115,"Africa",33475.87,0.00163700002419653,54.8,0.00341280873420897
"200","Sub-Saharan Africa","Zimbabwe","ZWE",23,236.6477865,"Africa",16320.537,0.00140926735437688,23,0.00341280873420897
"201","Sub-Saharan Africa","Madagascar","MDG",17,429.369853,"Africa",29611.714,0.000574097129264453,17,0.00341280873420897
"202","Sub-Saharan Africa","Sierra Leone","SLE",3.2,124.782911,"Africa",8605.718,0.000371845789043982,3.2,0.00341280873420897
"203","Sub-Saharan Africa","Burkina Faso","BFA",3.5,328.769549,"Africa",22673.762,0.000154363444407681,3.5,0.00341280873420897
"204","Sub-Saharan Africa","Somalia","SOM",NA,255.1639095,"Africa",17597.511,0.0145,255.1639095,0.00341280873420897
"205","Sub-Saharan Africa","Chad","TCD",8.2,256.9880675,"Africa",17723.315,0.000462667396026082,8.2,0.00341280873420897
"206","Sub-Saharan Africa","South Africa","ZAF",309.7,868.4613325,"Africa",59893.885,0.00517081167802022,309.7,0.00341280873420897
"207","Sub-Saharan Africa","Namibia","NAM",2.2,37.221674,"Africa",2567.012,0.000857027547981856,2.2,0.00341280873420897
"208","Western Asia","United Arab Emirates","ARE",NA,96.2995158,"Asia",9441.129,0.0102,96.2995158,0.00778679701101573
"209","Western Asia","Oman","OMN",NA,46.6782396,"Asia",4576.298,0.0102,46.6782396,0.00778679701101573
"210","Western Asia","Armenia","ARM",22.7,28.3607838,"Asia",2780.469,0.00816409030275108,22.7,0.00778679701101573
"211","Western Asia","Azerbaijan","AZE",23.9,105.6523548,"Asia",10358.074,0.00230737876558905,23.9,0.00778679701101573
"212","Western Asia","Bahrain","BHR",NA,15.0167766,"Asia",1472.233,0.0102,15.0167766,0.00778679701101573
"213","Western Asia","Yemen","YEM",44,343.7054628,"Asia",33696.614,0.00130576917906351,44,0.00778679701101573
"214","Western Asia","Qatar","QAT",NA,27.4902444,"Asia",2695.122,0.0102,27.4902444,0.00778679701101573
"215","Western Asia","Turkey","TUR",NA,870.4806582,"Asia",85341.241,0.0102,870.4806582,0.00778679701101573
"216","Western Asia","Georgia","GEO",18.5,38.192727,"Asia",3744.385,0.00494073125493239,18.5,0.00778679701101573
"217","Western Asia","Kuwait","KWT",NA,43.5425046,"Asia",4268.873,0.0102,43.5425046,0.00778679701101573
"218","Western Asia","Lebanon","LBN",16.5,55.9953378,"Asia",5489.739,0.00300560737040504,16.5,0.00778679701101573
"219","Western Asia","Jordan","JOR",NA,115.1158638,"Asia",11285.869,0.0102,115.1158638,0.00778679701101573
"220","Western Asia","Saudi Arabia","SAU",NA,371.369964,"Asia",36408.82,0.0102,371.369964,0.00778679701101573
"221","Western Asia","Cyprus","CYP",NA,12.7651776,"Asia",1251.488,0.0102,12.7651776,0.00778679701101573
"222","Western Asia","Palestine, State of","PSE",NA,NA,"Asia",5250.072,0.00778679701101573,40.8812449572174,0.00778679701101573
"223","Western Asia","Israel","ISR",NA,92.1907518,"Asia",9038.309,0.0102,92.1907518,0.00778679701101573
"224","Western Asia","Iraq","IRQ",NA,453.8604444,"Asia",44496.122,0.0102,453.8604444,0.00778679701101573
"225","Western Asia","Syrian Arab Republic","SYR",10,NA,"Asia",22125.249,0.000451972314526268,10,0.00778679701101573
"226","Western Europe","Belgium","BEL",NA,NA,"Europe",11655.93,0.00908752333771793,105.923535897807,0.00908752333771793
"227","Western Europe","Netherlands","NLD",230,NA,"Europe",17564.014,0.0130949565401166,230,0.00908752333771793
"228","Western Europe","Switzerland","CHE",80,NA,"Europe",8740.472,0.00915282378342954,80,0.00908752333771793
"229","Western Europe","Germany","DEU",750,NA,"Europe",83369.843,0.00899605868275415,750,0.00908752333771793
"230","Western Europe","Liechtenstein","LIE",NA,NA,"Europe",39.327,0.00908752333771793,0.357385030302433,0.00908752333771793
"231","Western Europe","Monaco","MCO",NA,NA,"Europe",36.469,0.00908752333771793,0.331412888603235,0.00908752333771793
"232","Western Europe","Luxembourg","LUX",NA,NA,"Europe",647.599,0.00908752333771793,5.8850710259828,0.00908752333771793
"233","Western Europe","France","FRA",330,NA,"Europe",64626.628,0.00510625434457141,330,0.00908752333771793
"234","Western Europe","Austria","AUT",NA,NA,"Europe",8939.617,0.00908752333771793,81.23897811776,0.00908752333771793
