,SAR,Infections,Reff_1,Reff_2,Excess,n
1,0.044585673,0,2.242872975,4.485745949,22.42872975,0
2,0.048396595,9.96799E-05,2.066261084,4.132522169,20.79400485,100
3,0.052241065,0.000198752,1.914202922,3.828405845,19.37786338,200
4,0.056100656,0.000297259,1.782510351,3.565020703,18.1447791,300
5,0.059959801,0.00039524,1.667784051,3.335568102,17.06548438,400
6,0.063805781,0.000492726,1.567256114,3.134512227,16.11583703,500
7,0.067628559,0.000589748,1.478665254,2.957330508,15.27588913,600
8,0.071420527,0.000686329,1.400157695,2.80031539,14.52912466,700
9,0.075176196,0.000782493,1.330208296,2.660416592,13.86183685,800
10,0.078891874,0.000878259,1.267557664,2.535115328,13.26262033,900
11,0.082565345,0.000973646,1.211161902,2.422323805,12.7219575,1000
12,0.086195574,0.001068669,1.160152375,2.32030475,12.23188158,1100
13,0.089782451,0.001163344,1.113803411,2.227606821,11.78570217,1200
14,0.093326561,0.001257683,1.071506324,2.143012647,11.37778155,1300
15,0.096828999,0.001351698,1.032748463,2.065496926,11.00335223,1400
16,0.100291218,0.001445401,0.997096276,1.994192552,10.65836789,1500
17,0.103714905,0.001538803,0.964181574,1.928363148,10.33938152,1600
18,0.107101886,0.001631911,0.933690377,1.867380755,10.04344551,1700
19,0.110454055,0.001724736,0.905353817,1.810707633,9.768029631,1800
20,0.113773319,0.001817285,0.878940697,1.757881395,9.510953641,1900
21,0.117061557,0.001909565,0.854251406,1.708502811,9.270331617,2000
22,0.120320597,0.002001585,0.831112895,1.66222579,9.044526003,2100
23,0.123552192,0.00209335,0.809374551,1.618749103,8.832109516,2200
24,0.126758011,0.002184867,0.788904773,1.577809547,8.6318335,2300
25,0.129939634,0.002276141,0.769588131,1.539176262,8.442601557,2400
26,0.133098547,0.002367179,0.751323001,1.502646003,8.26344752,2500
27,0.136236145,0.002457986,0.734019593,1.468039186,8.093516992,2600
28,0.139353733,0.002548565,0.717598288,1.435196576,7.93205183,2700
29,0.142452527,0.002638924,0.701988251,1.403976502,7.778377072,2800
30,0.145533663,0.002729064,0.687126252,1.374252503,7.631889871,2900
31,0.148598198,0.002818992,0.672955669,1.345911338,7.49205012,3000
32,0.151647119,0.002908711,0.659425648,1.318851297,7.358372465,3100
33,0.154681343,0.002998225,0.646490377,1.292980754,7.230419498,3200
34,0.157701725,0.003087537,0.634108471,1.268216942,7.107795918,3300
35,0.160709063,0.003176652,0.622242443,1.244484886,6.990143528,3400
36,0.1637041,0.003265573,0.610858251,1.221716502,6.877136915,3500
37,0.16668753,0.003354302,0.599924903,1.199849805,6.768479722,3600
38,0.169660002,0.003442844,0.589414116,1.178828231,6.663901417,3700
39,0.172622124,0.003531201,0.579300022,1.158600044,6.563154483,3800
40,0.175574463,0.003619376,0.569558911,1.139117823,6.466011969,3900
41,0.178517553,0.003707372,0.560169005,1.120338009,6.372265349,4000
42,0.181451894,0.003795191,0.551110257,1.102220515,6.281722643,4100
43,0.184377956,0.003882837,0.542364186,1.084728373,6.194206772,4200
44,0.187296181,0.003970312,0.533913717,1.067827434,6.109554094,4300
45,0.190206985,0.004057618,0.525743047,1.051486095,6.02761313,4400
46,0.193110762,0.004144758,0.517837531,1.035675061,5.948243415,4500
47,0.196007881,0.004231733,0.510183567,1.020367135,5.871314492,4600
48,0.198898694,0.004318547,0.502768511,1.005537022,5.796705013,4700
49,0.20178353,0.004405201,0.495580585,0.99116117,5.72430193,4800
50,0.204662705,0.004491697,0.488608806,0.977217611,5.653999782,4900
51,0.207536516,0.004578038,0.481842916,0.963685832,5.585700047,5000
52,0.210405244,0.004664225,0.475273325,0.95054665,5.519310567,5100
53,0.213269159,0.004750261,0.468891051,0.937782103,5.454745027,5200
54,0.216128514,0.004836146,0.462687677,0.925375354,5.391922484,5300
55,0.218983552,0.004921884,0.456655301,0.913310602,5.330766945,5400
56,0.221834505,0.005007475,0.4507865,0.901572999,5.271206981,5500
57,0.224681592,0.005092922,0.445074289,0.890148579,5.213175383,5600
58,0.227525024,0.005178225,0.439512095,0.87902419,5.156608844,5700
59,0.230365001,0.005263388,0.434093719,0.868187438,5.10144767,5800
60,0.233201715,0.00534841,0.428813314,0.857626627,5.04763552,5900
61,0.236035348,0.005433295,0.423665357,0.847330713,4.995119169,6000
62,0.238866077,0.005518043,0.418644628,0.837289255,4.943848284,6100
63,0.24169407,0.005602655,0.413746188,0.827492376,4.893775231,6200
64,0.244519486,0.005687134,0.408965361,0.817930723,4.844854885,6300
65,0.247342481,0.00577148,0.404297715,0.80859543,4.797044466,6400
66,0.250163203,0.005855696,0.399739046,0.799478091,4.750303385,6500
67,0.252981793,0.005939781,0.395285363,0.790570726,4.704593097,6600
68,0.255798389,0.006023738,0.390932876,0.781865752,4.659876976,6700
69,0.258613122,0.006107568,0.386677982,0.773355963,4.616120187,6800
70,0.261426117,0.006191272,0.382517252,0.765034504,4.573289583,6900
71,0.264237497,0.006274852,0.378447423,0.756894846,4.531353592,7000
72,0.267047379,0.006358308,0.374465387,0.748930773,4.490282129,7100
73,0.269855875,0.006441642,0.370568179,0.741136357,4.450046503,7200
74,0.272663094,0.006524854,0.366752972,0.733505944,4.410619338,7300
75,0.27546914,0.006607946,0.363017069,0.726034139,4.371974493,7400
76,0.278274116,0.00669092,0.359357893,0.718715787,4.334086993,7500
77,0.281078118,0.006773775,0.355772982,0.711545963,4.296932964,7600
78,0.283881241,0.006856514,0.35225998,0.704519959,4.260489568,7700
79,0.286683575,0.006939137,0.348816635,0.69763327,4.224734948,7800
80,0.28948521,0.007021645,0.345440791,0.690881583,4.189648177,7900
81,0.29228623,0.007104039,0.342130384,0.684260768,4.155209202,8000
82,0.295086717,0.007186321,0.338883434,0.677766868,4.121398801,8100
83,0.297886751,0.00726849,0.335698045,0.67139609,4.08819854,8200
84,0.30068641,0.007350549,0.332572397,0.665144793,4.055590729,8300
85,0.303485768,0.007432498,0.329504743,0.659009487,4.023558386,8400
86,0.306284897,0.007514337,0.326493408,0.652986817,3.992085201,8500
87,0.309083868,0.007596068,0.323536782,0.647073563,3.961155502,8600
88,0.311882749,0.007677692,0.320633316,0.641266631,3.930754219,8700
89,0.314681606,0.007759209,0.317781523,0.635563045,3.900866864,8800
90,0.317480504,0.007840621,0.314979972,0.629959943,3.871479493,8900
91,0.320279503,0.007921928,0.312227286,0.624454572,3.842578685,9000
92,0.323078665,0.008003131,0.309522141,0.619044282,3.814151516,9100
93,0.325878048,0.00808423,0.306863259,0.613726519,3.786185534,9200
94,0.32867771,0.008165227,0.304249412,0.608498825,3.75866874,9300
95,0.331477705,0.008246122,0.301679415,0.603358829,3.731589565,9400
96,0.334278088,0.008326917,0.299152124,0.598304248,3.704936852,9500
97,0.337078911,0.008407611,0.296666438,0.593332876,3.678699835,9600
98,0.339880225,0.008488206,0.294221295,0.58844259,3.652868122,9700
99,0.34268208,0.008568702,0.291815668,0.583631335,3.627431681,9800
100,0.345484524,0.0086491,0.289448566,0.578897132,3.602380823,9900
101,0.348287603,0.008729401,0.287119034,0.574238067,3.577706183,10000
102,0.351091364,0.008809605,0.284826145,0.569652291,3.553398713,10100
103,0.353895852,0.008889713,0.282569009,0.565138017,3.529449663,10200
104,0.356701109,0.008969726,0.280346759,0.560693519,3.505850574,10300
105,0.359507178,0.009049644,0.278158563,0.556317125,3.482593257,10400
106,0.362314101,0.009129468,0.27600361,0.552007221,3.459669791,10500
107,0.365121917,0.009209199,0.273881121,0.547762242,3.437072507,10600
108,0.367930667,0.009288837,0.271790337,0.543580675,3.414793979,10700
109,0.370740387,0.009368383,0.269730527,0.539461054,3.392827014,10800
110,0.373551117,0.009447838,0.26770098,0.53540196,3.371164642,10900
111,0.376362891,0.009527201,0.265701009,0.531402018,3.34980011,11000
112,0.379175746,0.009606475,0.263729948,0.527459897,3.32872687,11100
113,0.381989717,0.009685659,0.261787151,0.523574303,3.307938572,11200
114,0.384804838,0.009764753,0.259871993,0.519743985,3.287429058,11300
115,0.387621141,0.009843759,0.257983864,0.515967729,3.267192353,11400
116,0.39043866,0.009922677,0.256122178,0.512244356,3.247222658,11500
117,0.393257426,0.010001508,0.254286362,0.508572723,3.227514344,11600
118,0.39607747,0.010080252,0.25247586,0.504951721,3.208061947,11700
119,0.398898822,0.010158909,0.250690136,0.501380272,3.188860159,11800
120,0.401721513,0.01023748,0.248928665,0.497857331,3.169903824,11900
121,0.40454557,0.010315967,0.247190941,0.494381881,3.151187932,12000
122,0.407371023,0.010394368,0.245476468,0.490952937,3.132707614,12100
123,0.410197899,0.010472685,0.243784769,0.487569538,3.114458139,12200
124,0.413026225,0.010550919,0.242115376,0.484230753,3.096434903,12300
125,0.415856029,0.010629069,0.240467838,0.480935675,3.078633432,12400
126,0.418687336,0.010707136,0.238841712,0.477683424,3.061049372,12500
127,0.421520171,0.010785121,0.237236571,0.474473142,3.043678487,12600
128,0.42435456,0.010863024,0.235651998,0.471303997,3.026516656,12700
129,0.427190527,0.010940846,0.234087588,0.468175176,3.009559867,12800
130,0.430028096,0.011018587,0.232542945,0.465085891,2.992804213,12900
131,0.432867291,0.011096248,0.231017686,0.462035373,2.976245891,13000
132,0.435708134,0.011173828,0.229511437,0.459022874,2.959881198,13100
133,0.438550649,0.011251329,0.228023833,0.456047666,2.943706523,13200
134,0.441394857,0.011328751,0.22655452,0.45310904,2.927718352,13300
135,0.44424078,0.011406095,0.225103152,0.450206304,2.911913258,13400
136,0.44708844,0.01148336,0.223669393,0.447338786,2.896287901,13500
137,0.449937858,0.011560547,0.222252914,0.444505828,2.880839027,13600
138,0.452789053,0.011637657,0.220853396,0.441706792,2.86556346,13700
139,0.455642046,0.01171469,0.219470527,0.438941054,2.850458105,13800
140,0.458496857,0.011791647,0.218104003,0.436208007,2.835519942,13900
141,0.461353505,0.011868528,0.216753528,0.433507057,2.820746027,14000
142,0.464212009,0.011945332,0.215418813,0.430837626,2.806133483,14100
143,0.467072389,0.012022062,0.214099575,0.42819915,2.791679508,14200
144,0.469934661,0.012098717,0.21279554,0.42559108,2.777381361,14300
145,0.472798845,0.012175297,0.211506439,0.423012878,2.763236372,14400
146,0.475664958,0.012251803,0.21023201,0.420464019,2.749241931,14500
147,0.478533017,0.012328235,0.208971996,0.417943993,2.735395488,14600
148,0.48140304,0.012404594,0.20772615,0.415452299,2.721694555,14700
149,0.484275043,0.01248088,0.206494225,0.412988451,2.708136702,14800
150,0.487149044,0.012557093,0.205275986,0.410551971,2.694719552,14900
151,0.490025057,0.012633234,0.204071197,0.408142394,2.681440784,15000
152,0.492903099,0.012709303,0.202879633,0.405759267,2.668298131,15100
153,0.495783186,0.012785301,0.201701072,0.403402144,2.655289375,15200
154,0.498665333,0.012861228,0.200535296,0.401070591,2.642412349,15300
155,0.501549555,0.012937083,0.199382093,0.398764186,2.629664933,15400
156,0.504435868,0.013012868,0.198241256,0.396482512,2.617045056,15500
157,0.507324286,0.013088583,0.197112582,0.394225164,2.604550691,15600
158,0.510214823,0.013164229,0.195995874,0.391991747,2.592179856,15700
159,0.513107494,0.013239804,0.194890936,0.389781873,2.579930612,15800
160,0.516002313,0.013315311,0.193797581,0.387595162,2.567801062,15900
161,0.518899293,0.013390749,0.192715622,0.385431244,2.555789349,16000
162,0.521798448,0.013466118,0.191644878,0.383289756,2.543893656,16100
163,0.524699791,0.01354142,0.190585172,0.381170344,2.532112206,16200
164,0.527603336,0.013616653,0.18953633,0.37907266,2.520443257,16300
165,0.530509096,0.013691819,0.188498182,0.376996364,2.508885105,16400
166,0.533417082,0.013766918,0.187470562,0.374941123,2.497436082,16500
167,0.536327309,0.013841949,0.186453306,0.372906613,2.486094554,16600
168,0.539239788,0.013916915,0.185446257,0.370892513,2.47485892,16700
169,0.542154531,0.013991814,0.184449256,0.368898513,2.463727612,16800
170,0.54507155,0.014066647,0.183462153,0.366924306,2.452699096,16900
171,0.547990858,0.014141414,0.182484796,0.364969593,2.441771865,17000
172,0.550912465,0.014216116,0.18151704,0.36303408,2.430944447,17100
173,0.553836384,0.014290753,0.180558741,0.361117481,2.420215397,17200
174,0.556762626,0.014365325,0.179609757,0.359219514,2.409583298,17300
175,0.559691201,0.014439832,0.178669952,0.357339904,2.399046763,17400
176,0.562622122,0.014514276,0.17773919,0.355478379,2.38860443,17500
177,0.565555398,0.014588655,0.176817338,0.353634676,2.378254967,17600
178,0.568491041,0.014662971,0.175904267,0.351808535,2.367997066,17700
179,0.57142906,0.014737223,0.17499985,0.349999701,2.357829443,17800
180,0.574369468,0.014811412,0.174103962,0.348207924,2.34775084,17900
181,0.577312273,0.014885539,0.17321648,0.346432961,2.337760026,18000
182,0.580257486,0.014959603,0.172337285,0.344674571,2.327855788,18100
183,0.583205117,0.015033604,0.17146626,0.342932519,2.318036939,18200
184,0.586155176,0.015107544,0.170603287,0.341206575,2.308302316,18300
185,0.589107673,0.015181421,0.169748256,0.339496512,2.298650774,18400
186,0.592062616,0.015255237,0.168901054,0.337802108,2.289081193,18500
187,0.595020017,0.015328992,0.168061573,0.336123146,2.279592471,18600
188,0.597979883,0.015402686,0.167229706,0.334459412,2.270183528,18700
189,0.600942226,0.015476319,0.166405348,0.332810695,2.260853304,18800
190,0.603907052,0.015549892,0.165588396,0.331176792,2.251600756,18900
191,0.606874372,0.015623405,0.164778749,0.329557499,2.242424863,19000
192,0.609844195,0.015696857,0.163976309,0.327952618,2.233324621,19100
193,0.612816529,0.01577025,0.163180977,0.326361954,2.224299045,19200
194,0.615791382,0.015843583,0.162392659,0.324785318,2.215347165,19300
195,0.618768765,0.015916857,0.16161126,0.323222521,2.206468032,19400
196,0.621748684,0.015990072,0.160836689,0.321673379,2.197660712,19500
197,0.624731149,0.016063228,0.160068855,0.320137711,2.188924287,19600
198,0.627716168,0.016136325,0.15930767,0.318615339,2.180257855,19700
199,0.630703749,0.016209364,0.158553045,0.31710609,2.171660532,19800
200,0.6336939,0.016282345,0.157804896,0.315609792,2.163131447,19900
201,0.636686629,0.016355268,0.157063138,0.314126277,2.154669745,20000
202,0.639681943,0.016428134,0.156327689,0.312655378,2.146274586,20100
203,0.642679852,0.016500942,0.155598467,0.311196935,2.137945143,20200
204,0.645680362,0.016573693,0.154875393,0.309750786,2.129680606,20300
205,0.648683482,0.016646387,0.154158388,0.308316776,2.121480175,20400
206,0.651689218,0.016719024,0.153447375,0.306894751,2.113343067,20500
207,0.654697578,0.016791605,0.152742279,0.305484558,2.105268509,20600
208,0.65770857,0.016864129,0.152043024,0.304086048,2.097255744,20700
209,0.660722201,0.016936597,0.151349538,0.302699076,2.089304026,20800
210,0.663738478,0.017009009,0.150661749,0.301323498,2.081412621,20900
211,0.666757408,0.017081366,0.149979586,0.299959172,2.073580808,21000
212,0.669778999,0.017153667,0.149302979,0.298605959,2.065807877,21100
213,0.672803257,0.017225913,0.148631861,0.297263721,2.058093131,21200
214,0.67583019,0.017298103,0.147966163,0.295932326,2.050435884,21300
215,0.678859804,0.017370239,0.14730582,0.29461164,2.042835459,21400
216,0.681892105,0.017442321,0.146650767,0.293301533,2.035291192,21500
217,0.684927102,0.017514347,0.146000939,0.292001878,2.02780243,21600
218,0.6879648,0.01758632,0.145356274,0.290712548,2.020368529,21700
219,0.691005205,0.017658238,0.14471671,0.28943342,2.012988857,21800
220,0.694048326,0.017730103,0.144082186,0.288164372,2.00566279,21900
221,0.697094167,0.017801914,0.143452642,0.286905284,1.998389714,22000
222,0.700142736,0.017873671,0.142828019,0.285656038,1.991169027,22100
223,0.703194038,0.017945375,0.142208259,0.284416518,1.984000135,22200
224,0.70624808,0.018017026,0.141593305,0.283186611,1.976882452,22300
225,0.709304868,0.018088624,0.140983101,0.281966202,1.969815403,22400
226,0.712364409,0.01816017,0.140377592,0.280755183,1.96279842,22500
227,0.715426708,0.018231663,0.139776722,0.279553444,1.955830947,22600
228,0.718491771,0.018303103,0.139180439,0.278360878,1.948912432,22700
229,0.721559605,0.018374492,0.13858869,0.277177379,1.942042335,22800
230,0.724630214,0.018445828,0.138001422,0.276002844,1.935220123,22900
231,0.727703607,0.018517112,0.137418585,0.27483717,1.928445271,23000
232,0.730779787,0.018588345,0.136840129,0.273680257,1.921717262,23100
233,0.73385876,0.018659527,0.136266003,0.272532006,1.915035587,23200
234,0.736940534,0.018730657,0.135696159,0.271392318,1.908399743,23300
235,0.740025112,0.018801736,0.135130549,0.270261099,1.901809237,23400
236,0.743112501,0.018872765,0.134569126,0.269138253,1.895263582,23500
237,0.746202706,0.018943742,0.134011843,0.268023686,1.888762298,23600
238,0.749295733,0.019014669,0.133458654,0.266917308,1.882304912,23700
239,0.752391587,0.019085546,0.132909514,0.265819027,1.875890959,23800
240,0.755490274,0.019156372,0.132364378,0.264728755,1.86951998,23900
241,0.758591799,0.019227148,0.131823202,0.263646404,1.863191522,24000
242,0.761696167,0.019297875,0.131285944,0.262571887,1.85690514,24100
243,0.764803384,0.019368551,0.13075256,0.261505119,1.850660394,24200
244,0.767913455,0.019439178,0.130223008,0.260446016,1.844456851,24300
245,0.771026384,0.019509756,0.129697248,0.259394495,1.838294084,24400
246,0.774142178,0.019580284,0.129175238,0.258350476,1.832171673,24500
247,0.777260841,0.019650764,0.128656938,0.257313876,1.826089203,24600
248,0.780382379,0.019721194,0.128142309,0.256284618,1.820046264,24700
249,0.783506796,0.019791576,0.127631312,0.255262623,1.814042454,24800
250,0.786634097,0.019861909,0.127123907,0.254247815,1.808077375,24900
251,0.789764287,0.019932194,0.126620058,0.253240116,1.802150635,25000
252,0.792897372,0.02000243,0.126119727,0.252239454,1.796261847,25100
253,0.796033356,0.020072619,0.125622877,0.251245753,1.79041063,25200
254,0.799172243,0.020142759,0.125129471,0.250258942,1.784596609,25300
255,0.80231404,0.020212851,0.124639474,0.249278948,1.778819411,25400
256,0.80545875,0.020282896,0.124152851,0.248305702,1.773078672,25500
257,0.808606378,0.020352894,0.123669566,0.247339132,1.767374031,25600
258,0.811756929,0.020422844,0.123189586,0.246379172,1.761705132,25700
259,0.814910407,0.020492746,0.122712876,0.245425753,1.756071624,25800
260,0.818066818,0.020562602,0.122239404,0.244478807,1.750473161,25900
261,0.821226165,0.020632411,0.121769135,0.243538271,1.7449094,26000
262,0.824388454,0.020702173,0.121302039,0.242604077,1.739380006,26100
263,0.827553688,0.020771888,0.120838081,0.241676163,1.733884644,26200
264,0.830721873,0.020841557,0.120377232,0.240754465,1.728422988,26300
265,0.833893013,0.02091118,0.11991946,0.23983892,1.722994713,26400
266,0.837067112,0.020980756,0.119464734,0.238929468,1.7175995,26500
267,0.840244174,0.021050286,0.119013024,0.238026048,1.712237033,26600
268,0.843424204,0.021119771,0.1185643,0.237128599,1.706907002,26700
269,0.846607207,0.021189209,0.118118531,0.236237063,1.701609098,26800
270,0.849793186,0.021258602,0.117675691,0.235351381,1.69634302,26900
271,0.852982147,0.02132795,0.117235748,0.234471496,1.691108467,27000
272,0.856174092,0.021397252,0.116798676,0.233597351,1.685905144,27100
273,0.859369026,0.021466509,0.116364445,0.23272889,1.680732759,27200
274,0.862566955,0.021535721,0.115933029,0.231866059,1.675591026,27300
275,0.865767881,0.021604888,0.1155044,0.231008801,1.670479659,27400
276,0.868971808,0.02167401,0.115078532,0.230157064,1.665398377,27500
277,0.872178742,0.021743087,0.114655397,0.229310794,1.660346905,27600
278,0.875388686,0.02181212,0.11423497,0.228469939,1.655324968,27700
279,0.878601644,0.021881108,0.113817224,0.227634448,1.650332297,27800
280,0.88181762,0.021950052,0.113402134,0.226804268,1.645368624,27900
281,0.885036619,0.022018952,0.112989675,0.22597935,1.640433687,28000
282,0.888258643,0.022087808,0.112579822,0.225159644,1.635527225,28100
283,0.891483698,0.02215662,0.11217255,0.224345101,1.630648981,28200
284,0.894711787,0.022225389,0.111767836,0.223535671,1.625798702,28300
285,0.897942913,0.022294113,0.111365654,0.222731308,1.620976137,28400
286,0.901177082,0.022362794,0.110965982,0.221931964,1.616181039,28500
287,0.904414297,0.022431432,0.110568796,0.221137592,1.611413164,28600
288,0.907654561,0.022500026,0.110174073,0.220348146,1.606672269,28700
289,0.910897878,0.022568578,0.10978179,0.219563581,1.601958117,28800
290,0.914144253,0.022637086,0.109391925,0.218783851,1.597270471,28900
291,0.917393689,0.022705551,0.109004456,0.218008912,1.5926091,29000
292,0.92064619,0.022773974,0.10861936,0.21723872,1.587973772,29100
293,0.923901759,0.022842354,0.108236616,0.216473232,1.583364261,29200
294,0.9271604,0.022910691,0.107856203,0.215712405,1.578780343,29300
295,0.930422118,0.022978986,0.107478098,0.214956197,1.574221795,29400
296,0.933686915,0.023047239,0.107102283,0.214204566,1.569688399,29500
297,0.936954796,0.023115449,0.106728735,0.21345747,1.565179937,29600
298,0.940225763,0.023183618,0.106357434,0.212714869,1.560696196,29700
299,0.943499821,0.023251744,0.105988361,0.211976723,1.556236965,29800
300,0.946776973,0.023319829,0.105621496,0.211242991,1.551802033,29900
301,0.950057224,0.023387872,0.105256818,0.210513635,1.547391195,30000
302,0.953340575,0.023455873,0.104894308,0.209788616,1.543004247,30100
303,0.956627031,0.023523833,0.104533948,0.209067895,1.538640986,30200
304,0.959916596,0.023591751,0.104175717,0.208351435,1.534301214,30300
305,0.963209273,0.023659629,0.103819599,0.207639197,1.529984733,30400
306,0.966505065,0.023727465,0.103465573,0.206931145,1.525691348,30500
307,0.969803976,0.02379526,0.103113621,0.206227243,1.521420866,30600
308,0.97310601,0.023863014,0.102763727,0.205527453,1.517173097,30700
309,0.97641117,0.023930727,0.102415871,0.204831741,1.512947854,30800
310,0.979719458,0.0239984,0.102070036,0.204140071,1.508744948,30900
311,0.98303088,0.024066032,0.101726204,0.203452408,1.504564198,31000
312,0.986345437,0.024133623,0.101384359,0.202768718,1.50040542,31100
313,0.989663134,0.024201174,0.101044483,0.202088967,1.496268435,31200
314,0.992983974,0.024268685,0.10070656,0.20141312,1.492153064,31300
315,0.99630796,0.024336156,0.100370572,0.200741144,1.488059133,31400
316,0.999635096,0.024403587,0.100036504,0.200073007,1.483986467,31500
317,1.002965384,0.024470977,0.099704338,0.199408677,1.479934893,31600
318,1.006298829,0.024538328,0.09937406,0.19874812,1.475904243,31700
319,1.009635433,0.024605639,0.099045652,0.198091304,1.471894347,31800
320,1.0129752,0.024672911,0.0987191,0.1974382,1.46790504,31900
321,1.016318133,0.024740143,0.098394387,0.196788775,1.463936156,32000
322,1.019664235,0.024807335,0.098071499,0.196142998,1.459987534,32100
323,1.02301351,0.024874488,0.09775042,0.19550084,1.456059011,32200
324,1.02636596,0.024941602,0.097431135,0.194862269,1.452150429,32300
325,1.029721589,0.025008677,0.097113629,0.194227257,1.448261631,32400
326,1.033080401,0.025075713,0.096797887,0.193595774,1.444392461,32500
327,1.036442397,0.02514271,0.096483896,0.192967791,1.440542764,32600
328,1.039807583,0.025209668,0.09617164,0.192343279,1.436712388,32700
329,1.043175959,0.025276587,0.095861105,0.19172221,1.432901182,32800
330,1.046547531,0.025343468,0.095552277,0.191104555,1.429108997,32900
331,1.0499223,0.02541031,0.095245143,0.190490287,1.425335686,33000
332,1.053300271,0.025477114,0.094939689,0.189879378,1.421581103,33100
333,1.056681446,0.025543879,0.0946359,0.189271801,1.417845102,33200
334,1.060065828,0.025610607,0.094333764,0.188667529,1.414127542,33300
335,1.06345342,0.025677296,0.094033268,0.188066535,1.41042828,33400
336,1.066844226,0.025743947,0.093734397,0.187468794,1.406747176,33500
337,1.070238248,0.02581056,0.093437139,0.186874278,1.403084093,33600
338,1.073635489,0.025877135,0.093141481,0.186282963,1.399438893,33700
339,1.077035954,0.025943672,0.092847411,0.185694822,1.39581144,33800
340,1.080439643,0.026010172,0.092554916,0.185109831,1.3922016,33900
341,1.083846562,0.026076634,0.092263982,0.184527965,1.388609241,34000
342,1.087256712,0.026143059,0.091974599,0.183949198,1.385034231,34100
343,1.090670096,0.026209446,0.091686753,0.183373507,1.381476439,34200
344,1.094086718,0.026275796,0.091400433,0.182800866,1.377935738,34300
345,1.097506581,0.026342109,0.091115627,0.182231253,1.374411999,34400
346,1.100929687,0.026408385,0.090832322,0.181664644,1.370905097,34500
347,1.10435604,0.026474624,0.090550508,0.181101015,1.367414907,34600
348,1.107785642,0.026540825,0.090270172,0.180540343,1.363941304,34700
349,1.111218497,0.02660699,0.089991303,0.179982605,1.360484167,34800
350,1.114654607,0.026673119,0.089713889,0.179427779,1.357043375,34900
351,1.118093975,0.02673921,0.08943792,0.178875841,1.353618807,35000
352,1.121536604,0.026805265,0.089163385,0.17832677,1.350210346,35100
353,1.124982497,0.026871283,0.088890272,0.177780544,1.346817873,35200
354,1.128431657,0.026937265,0.08861857,0.17723714,1.343441272,35300
355,1.131884087,0.027003211,0.088348269,0.176696538,1.340080428,35400
356,1.13533979,0.027069121,0.088079358,0.176158716,1.336735227,35500
357,1.138798768,0.027134994,0.087811827,0.175623653,1.333405556,35600
358,1.142261024,0.027200831,0.087545664,0.175091328,1.330091304,35700
359,1.145726562,0.027266633,0.08728086,0.174561721,1.326792359,35800
360,1.149195383,0.027332398,0.087017405,0.17403481,1.323508613,35900
361,1.152667492,0.027398128,0.086755288,0.173510576,1.320239956,36000
362,1.15614289,0.027463822,0.086494499,0.172988998,1.316986281,36100
363,1.159621581,0.02752948,0.086235028,0.172470057,1.313747482,36200
364,1.163103567,0.027595103,0.085976866,0.171953733,1.310523453,36300
365,1.166588851,0.02766069,0.085720003,0.171440006,1.307314091,36400
366,1.170077436,0.027726242,0.085464429,0.170928858,1.304119291,36500
367,1.173569325,0.027791758,0.085210134,0.170420269,1.300938951,36600
368,1.17706452,0.02785724,0.08495711,0.16991422,1.29777297,36700
369,1.180563025,0.027922686,0.084705346,0.169410693,1.294621248,36800
370,1.184064841,0.027988097,0.084454834,0.168909669,1.291483685,36900
371,1.187569972,0.028053473,0.084205565,0.168411129,1.288360183,37000
372,1.191078421,0.028118814,0.083957528,0.167915056,1.285250644,37100
373,1.19459019,0.028184121,0.083710716,0.167421432,1.282154971,37200
374,1.198105281,0.028249393,0.083465119,0.166930238,1.279073069,37300
375,1.201623698,0.02831463,0.083220729,0.166441458,1.276004844,37400
376,1.205145444,0.028379832,0.082977536,0.165955073,1.2729502,37500
377,1.208670521,0.028445,0.082735533,0.165471066,1.269909045,37600
378,1.212198931,0.028510134,0.082494711,0.164989421,1.266881288,37700
379,1.215730678,0.028575233,0.08225506,0.16451012,1.263866836,37800
380,1.219265764,0.028640298,0.082016573,0.164033147,1.260865599,37900
381,1.222804192,0.028705329,0.081779242,0.163558484,1.257877488,38000
382,1.226345965,0.028770325,0.081543058,0.163086116,1.254902414,38100
383,1.229891084,0.028835288,0.081308013,0.162616026,1.251940289,38200
384,1.233439554,0.028900216,0.081074099,0.162148197,1.248991025,38300
385,1.236991376,0.028965111,0.080841307,0.161682615,1.246054537,38400
386,1.240546553,0.029029972,0.080609631,0.161219262,1.243130739,38500
387,1.244105087,0.029094799,0.080379062,0.160758124,1.240219546,38600
388,1.247666983,0.029159593,0.080149592,0.160299185,1.237320874,38700
389,1.251232241,0.029224353,0.079921214,0.159842429,1.234434641,38800
390,1.254800865,0.029289079,0.07969392,0.15938784,1.231560762,38900
391,1.258372857,0.029353772,0.079467703,0.158935405,1.228699158,39000
392,1.26194822,0.029418432,0.079242554,0.158485108,1.225849746,39100
393,1.265526956,0.029483058,0.079018467,0.158036934,1.223012447,39200
394,1.269109069,0.029547651,0.078795434,0.157590868,1.220187181,39300
395,1.272694561,0.029612211,0.078573448,0.157146896,1.217373869,39400
396,1.276283433,0.029676738,0.078352502,0.156705004,1.214572433,39500
397,1.27987569,0.029741232,0.078132588,0.156265176,1.211782797,39600
398,1.283471333,0.029805693,0.0779137,0.155827399,1.209004882,39700
399,1.287070365,0.029870121,0.07769583,0.15539166,1.206238613,39800
400,1.290672789,0.029934516,0.077478971,0.154957943,1.203483914,39900
401,1.294278607,0.029998879,0.077263117,0.154526235,1.200740712,40000
402,1.297887821,0.030063209,0.077048261,0.154096523,1.198008932,40100
403,1.301500435,0.030127506,0.076834396,0.153668792,1.1952885,40200
404,1.305116451,0.030191771,0.076621515,0.15324303,1.192579344,40300
405,1.308735871,0.030256003,0.076409612,0.152819224,1.189881392,40400
406,1.312358698,0.030320203,0.07619868,0.152397359,1.187194572,40500
407,1.315984935,0.030384371,0.075988712,0.151977424,1.184518813,40600
408,1.319614583,0.030448506,0.075779702,0.151559404,1.181854045,40700
409,1.323247646,0.030512609,0.075571644,0.151143288,1.179200199,40800
410,1.326884127,0.030576681,0.075364531,0.150729062,1.176557206,40900
411,1.330524026,0.03064072,0.075158357,0.150316714,1.173924997,41000
412,1.334167348,0.030704727,0.074953116,0.149906232,1.171303504,41100
413,1.337814095,0.030768702,0.074748801,0.149497603,1.16869266,41200
414,1.341464268,0.030832646,0.074545407,0.149090814,1.166092398,41300
415,1.345117871,0.030896557,0.074342927,0.148685854,1.163502653,41400
416,1.348774906,0.030960437,0.074141356,0.148282711,1.160923358,41500
417,1.352435376,0.031024286,0.073940686,0.147881373,1.158354449,41600
418,1.356099283,0.031088102,0.073740914,0.147481827,1.155795862,41700
419,1.359766629,0.031151888,0.073542031,0.147084063,1.153247532,41800
420,1.363437418,0.031215641,0.073344034,0.146688068,1.150709396,41900
421,1.367111651,0.031279364,0.073146915,0.14629383,1.148181391,42000
422,1.370789331,0.031343055,0.07295067,0.14590134,1.145663455,42100
423,1.37447046,0.031406715,0.072755292,0.145510584,1.143155527,42200
424,1.378155042,0.031470343,0.072560777,0.145121553,1.140657545,42300
425,1.381843078,0.031533941,0.072367117,0.144734234,1.138169447,42400
426,1.38553457,0.031597508,0.072174309,0.144348618,1.135691176,42500
427,1.389229522,0.031661043,0.071982346,0.143964692,1.133222669,42600
428,1.392927936,0.031724548,0.071791223,0.143582446,1.130763869,42700
429,1.396629814,0.031788021,0.071600935,0.143201869,1.128314716,42800
430,1.400335158,0.031851464,0.071411476,0.142822951,1.125875152,42900
431,1.404043972,0.031914876,0.071222841,0.142445681,1.12344512,43000
432,1.407756257,0.031978258,0.071035024,0.142070049,1.121024561,43100
433,1.411472016,0.032041609,0.070848022,0.141696043,1.118613421,43200
434,1.415191251,0.032104929,0.070661827,0.141323655,1.116211641,43300
435,1.418913966,0.032168219,0.070476436,0.140952873,1.113819166,43400
436,1.422640161,0.032231478,0.070291844,0.140583688,1.111435941,43500
437,1.42636984,0.032294707,0.070108044,0.140216089,1.10906191,43600
438,1.430103006,0.032357906,0.069925033,0.139850066,1.10669702,43700
439,1.433839659,0.032421074,0.069742805,0.13948561,1.104341215,43800
440,1.437579804,0.032484213,0.069561356,0.139122711,1.101994443,43900
441,1.441323442,0.032547321,0.06938068,0.138761359,1.09965665,44000
442,1.445070575,0.032610399,0.069200772,0.138401545,1.097327784,44100
443,1.448821207,0.032673447,0.069021629,0.138043258,1.095007791,44200
444,1.452575339,0.032736465,0.068843245,0.13768649,1.092696621,44300
445,1.456332974,0.032799453,0.068665615,0.137331231,1.090394221,44400
446,1.460094115,0.032862411,0.068488736,0.136977472,1.08810054,44500
447,1.463858763,0.03292534,0.068312601,0.136625203,1.085815528,44600
448,1.467626921,0.032988238,0.068137207,0.136274415,1.083539134,44700
449,1.471398592,0.033051107,0.06796255,0.1359251,1.081271309,44800
450,1.475173777,0.033113947,0.067788624,0.135577247,1.079012002,44900
451,1.47895248,0.033176757,0.067615425,0.135230849,1.076761165,45000
452,1.482734702,0.033239537,0.067442948,0.134885897,1.074518749,45100
453,1.486520446,0.033302288,0.06727119,0.134542381,1.072284706,45200
454,1.490309715,0.03336501,0.067100146,0.134200293,1.070058987,45300
455,1.49410251,0.033427702,0.066929812,0.133859624,1.067841546,45400
456,1.497898834,0.033490365,0.066760183,0.133520366,1.065632334,45500
457,1.50169869,0.033552999,0.066591255,0.133182509,1.063431305,45600
458,1.505502079,0.033615604,0.066423023,0.132846047,1.061238413,45700
459,1.509309005,0.033678179,0.066255485,0.13251097,1.05905361,45800
460,1.513119469,0.033740726,0.066088635,0.13217727,1.056876853,45900
461,1.516933474,0.033803243,0.065922469,0.131844938,1.054708094,46000
462,1.520751023,0.033865732,0.065756984,0.131513967,1.052547289,46100
463,1.524572117,0.033928192,0.065592174,0.131184349,1.050394394,46200
464,1.528396758,0.033990623,0.065428037,0.130856074,1.048249363,46300
465,1.53222495,0.034053025,0.065264568,0.130529137,1.046112153,46400
466,1.536056695,0.034115398,0.065101764,0.130203527,1.04398272,46500
467,1.539891995,0.034177743,0.064939619,0.129879239,1.041861021,46600
468,1.543730851,0.034240059,0.064778131,0.129556263,1.039747013,46700
469,1.547573268,0.034302346,0.064617296,0.129234592,1.037640652,46800
470,1.551419246,0.034364606,0.064457109,0.128914219,1.035541897,46900
471,1.555268789,0.034426836,0.064297568,0.128595135,1.033450706,47000
472,1.559121898,0.034489038,0.064138667,0.128277334,1.031367036,47100
473,1.562978577,0.034551212,0.063980403,0.127960807,1.029290846,47200
474,1.566838826,0.034613358,0.063822774,0.127645548,1.027222095,47300
475,1.570702649,0.034675475,0.063665774,0.127331548,1.025160743,47400
476,1.574570049,0.034737564,0.063509401,0.127018801,1.023106748,47500
477,1.578441026,0.034799625,0.06335365,0.1267073,1.021060071,47600
478,1.582315584,0.034861658,0.063198518,0.126397036,1.019020671,47700
479,1.586193724,0.034923663,0.063044002,0.126088004,1.01698851,47800
480,1.59007545,0.03498564,0.062890097,0.125780195,1.014963547,47900
481,1.593960764,0.035047589,0.062736801,0.125473603,1.012945744,48000
482,1.597849667,0.03510951,0.06258411,0.125168221,1.010935061,48100
483,1.601742162,0.035171403,0.062432021,0.124864042,1.008931461,48200
484,1.605638252,0.035233269,0.062280529,0.124561058,1.006934905,48300
485,1.609537939,0.035295106,0.062129632,0.124259264,1.004945356,48400
486,1.613441224,0.035356916,0.061979326,0.123958652,1.002962775,48500
487,1.617348111,0.035418699,0.061829608,0.123659216,1.000987125,48600
488,1.621258602,0.035480454,0.061680475,0.123360949,0.99901837,48700
489,1.625172699,0.035542181,0.061531922,0.123063844,0.997056473,48800
490,1.629090403,0.035603881,0.061383948,0.122767895,0.995101396,48900
491,1.633011719,0.035665553,0.061236548,0.122473095,0.993153104,49000
492,1.636936647,0.035727198,0.061089719,0.122179438,0.99121156,49100
493,1.64086519,0.035788816,0.060943459,0.121886917,0.98927673,49200
494,1.644797351,0.035850406,0.060797763,0.121595527,0.987348577,49300
495,1.648733131,0.03591197,0.06065263,0.121305259,0.985427067,49400
496,1.652672534,0.035973506,0.060508055,0.121016109,0.983512163,49500
497,1.656615561,0.036035014,0.060364035,0.12072807,0.981603832,49600
498,1.660562214,0.036096496,0.060220568,0.120441136,0.979702039,49700
499,1.664512496,0.036157951,0.06007765,0.120155301,0.97780675,49800
500,1.66846641,0.036219379,0.059935279,0.119870558,0.975917931,49900
501,1.672423957,0.03628078,0.059793451,0.119586902,0.974035548,50000
502,1.676385139,0.036342153,0.059652163,0.119304326,0.972159568,50100
503,1.68034996,0.0364035,0.059511413,0.119022825,0.970289957,50200
504,1.684318421,0.036464821,0.059371197,0.118742393,0.968426682,50300
505,1.688290524,0.036526114,0.059231512,0.118463023,0.966569711,50400
506,1.692266273,0.036587381,0.059092355,0.118184711,0.96471901,50500
507,1.696245668,0.036648621,0.058953725,0.117907449,0.962874548,50600
508,1.700228713,0.036709835,0.058815617,0.117631233,0.961036293,50700
509,1.704215409,0.036771022,0.058678028,0.117356057,0.959204213,50800
510,1.70820576,0.036832182,0.058540957,0.117081914,0.957378275,50900
511,1.712199766,0.036893316,0.0584044,0.1168088,0.955558449,51000
512,1.716197431,0.036954423,0.058268354,0.116536709,0.953744703,51100
513,1.720198757,0.037015504,0.058132817,0.116265635,0.951937006,51200
514,1.724203746,0.037076559,0.057997786,0.115995572,0.950135328,51300
515,1.7282124,0.037137588,0.057863258,0.115726516,0.948339638,51400
516,1.732224722,0.03719859,0.05772923,0.115458461,0.946549906,51500
517,1.736240713,0.037259566,0.0575957,0.115191401,0.944766101,51600
518,1.740260376,0.037320516,0.057462666,0.114925331,0.942988193,51700
519,1.744283714,0.037381439,0.057330123,0.114660246,0.941216154,51800
520,1.748310729,0.037442337,0.05719807,0.114396141,0.939449952,51900
521,1.752341422,0.037503209,0.057066505,0.114133009,0.937689559,52000
522,1.756375797,0.037564054,0.056935424,0.113870847,0.935934947,52100
523,1.760413854,0.037624874,0.056804824,0.113609649,0.934186085,52200
524,1.764455598,0.037685668,0.056674705,0.113349409,0.932442945,52300
525,1.768501029,0.037746436,0.056545062,0.113090124,0.930705498,52400
526,1.772550151,0.037807178,0.056415893,0.112831786,0.928973717,52500
527,1.776602965,0.037867894,0.056287196,0.112574393,0.927247573,52600
528,1.780659473,0.037928585,0.056158969,0.112317938,0.925527038,52700
529,1.784719679,0.03798925,0.056031208,0.112062417,0.923812085,52800
530,1.788783584,0.038049889,0.055903912,0.111807824,0.922102685,52900
531,1.79285119,0.038110503,0.055777078,0.111554155,0.920398811,53000
532,1.796922499,0.038171091,0.055650703,0.111301406,0.918700437,53100
533,1.800997515,0.038231654,0.055524785,0.11104957,0.917007535,53200
534,1.805076239,0.038292191,0.055399322,0.110798644,0.915320078,53300
535,1.809158673,0.038352703,0.055274311,0.110548623,0.91363804,53400
536,1.81324482,0.03841319,0.055149751,0.110299502,0.911961393,53500
537,1.817334682,0.038473651,0.055025638,0.110051276,0.910290113,53600
538,1.821428261,0.038534087,0.05490197,0.10980394,0.908624172,53700
539,1.82552556,0.038594497,0.054778745,0.109557491,0.906963545,53800
540,1.82962658,0.038654883,0.054655962,0.109311923,0.905308206,53900
541,1.833731324,0.038715243,0.054533616,0.109067232,0.903658129,54000
542,1.837839795,0.038775578,0.054411707,0.108823414,0.902013289,54100
543,1.841951993,0.038835888,0.054290231,0.108580463,0.90037366,54200
544,1.846067923,0.038896173,0.054169188,0.108338376,0.898739218,54300
545,1.850187585,0.038956433,0.054048574,0.108097147,0.897109937,54400
546,1.854310982,0.039016668,0.053928387,0.107856774,0.895485793,54500
547,1.858438117,0.039076878,0.053808625,0.10761725,0.893866761,54600
548,1.862568991,0.039137063,0.053689286,0.107378573,0.892252816,54700
549,1.866703608,0.039197223,0.053570368,0.107140737,0.890643935,54800
550,1.870841968,0.039257359,0.053451869,0.106903738,0.889040093,54900
551,1.874984075,0.039317469,0.053333786,0.106667573,0.887441266,55000
552,1.87912993,0.039377555,0.053216118,0.106432236,0.88584743,55100
553,1.883279536,0.039437617,0.053098862,0.106197724,0.884258561,55200
554,1.887432895,0.039497653,0.052982016,0.105964032,0.882674637,55300
555,1.89159001,0.039557666,0.052865578,0.105731157,0.881095633,55400
556,1.895750882,0.039617653,0.052749547,0.105499094,0.879521527,55500
557,1.899915513,0.039677616,0.052633919,0.105267839,0.877952295,55600
558,1.904083907,0.039737555,0.052518694,0.105037388,0.876387914,55700
559,1.908256065,0.039797469,0.052403869,0.104807737,0.874828362,55800
560,1.91243199,0.039857358,0.052289441,0.104578882,0.873273616,55900
561,1.916611683,0.039917224,0.05217541,0.10435082,0.871723654,56000
562,1.920795147,0.039977065,0.052061773,0.104123545,0.870178453,56100
563,1.924982385,0.040036881,0.051948527,0.103897055,0.86863799,56200
564,1.929173397,0.040096674,0.051835672,0.103671345,0.867102244,56300
565,1.933368188,0.040156442,0.051723205,0.103446411,0.865571194,56400
566,1.937566758,0.040216186,0.051611125,0.10322225,0.864044816,56500
567,1.941769111,0.040275906,0.051499429,0.102998858,0.86252309,56600
568,1.945975248,0.040335602,0.051388115,0.10277623,0.861005994,56700
569,1.950185171,0.040395274,0.051277182,0.102554364,0.859493506,56800
570,1.954398884,0.040454922,0.051166628,0.102333255,0.857985606,56900
571,1.958616387,0.040514545,0.05105645,0.1021129,0.856482272,57000
572,1.962837684,0.040574145,0.050946648,0.101893295,0.854983483,57100
573,1.967062776,0.040633721,0.050837218,0.101674437,0.853489219,57200
574,1.971291666,0.040693273,0.05072816,0.101456321,0.851999458,57300
575,1.975524357,0.040752801,0.050619472,0.101238944,0.85051418,57400
576,1.979760849,0.040812306,0.050511151,0.101022303,0.849033365,57500
577,1.984001146,0.040871787,0.050403197,0.100806393,0.847556993,57600
578,1.988245249,0.040931243,0.050295606,0.100591212,0.846085042,57700
579,1.992493162,0.040990677,0.050188378,0.100376756,0.844617493,57800
580,1.996744885,0.041050086,0.050081511,0.100163021,0.843154327,57900
581,2.001000422,0.041109472,0.049975002,0.099950004,0.841695522,58000
582,2.005259775,0.041168835,0.049868851,0.099737701,0.84024106,58100
583,2.009522945,0.041228174,0.049763055,0.099526109,0.838790921,58200
584,2.013789936,0.041287489,0.049657612,0.099315225,0.837345085,58300
585,2.018060749,0.041346781,0.049552522,0.099105044,0.835903533,58400
586,2.022335386,0.041406049,0.049447782,0.098895565,0.834466247,58500
587,2.026613851,0.041465294,0.049343391,0.098686782,0.833033205,58600
588,2.030896144,0.041524516,0.049239347,0.098478694,0.831604391,58700
589,2.035182268,0.041583715,0.049135648,0.098271296,0.830179784,58800
590,2.039472226,0.04164289,0.049032293,0.098064586,0.828759367,58900
591,2.04376602,0.041702042,0.04892928,0.09785856,0.82734312,59000
592,2.048063652,0.04176117,0.048826607,0.097653215,0.825931024,59100
593,2.052365123,0.041820276,0.048724274,0.097448547,0.824523062,59200
594,2.056670438,0.041879358,0.048622277,0.097244554,0.823119215,59300
595,2.060979597,0.041938417,0.048520616,0.097041232,0.821719465,59400
596,2.065292602,0.041997453,0.048419289,0.096838579,0.820323794,59500
597,2.069609457,0.042056466,0.048318295,0.09663659,0.818932184,59600
598,2.073930163,0.042115457,0.048217631,0.096435263,0.817544616,59700
599,2.078254723,0.042174424,0.048117297,0.096234594,0.816161074,59800
600,2.082583138,0.042233368,0.048017291,0.096034581,0.814781539,59900
601,2.086915412,0.042292289,0.047917611,0.095835221,0.813405994,60000
602,2.091251546,0.042351188,0.047818255,0.09563651,0.812034421,60100
603,2.095591542,0.042410063,0.047719223,0.095438446,0.810666804,60200
604,2.099935403,0.042468916,0.047620512,0.095241025,0.809303124,60300
605,2.104283131,0.042527746,0.047522122,0.095044244,0.807943365,60400
606,2.108634728,0.042586553,0.047424051,0.094848101,0.80658751,60500
607,2.112990196,0.042645338,0.047326296,0.094652593,0.805235541,60600
608,2.117349538,0.0427041,0.047228858,0.094457715,0.803887442,60700
609,2.121712756,0.042762839,0.047131733,0.094263467,0.802543197,60800
610,2.126079852,0.042821556,0.047034922,0.094069844,0.801202787,60900
611,2.130450829,0.04288025,0.046938422,0.093876844,0.799866198,61000
612,2.134825688,0.042938921,0.046842232,0.093684464,0.798533412,61100
613,2.139204431,0.04299757,0.04674635,0.093492701,0.797204413,61200
614,2.143587062,0.043056197,0.046650776,0.093301552,0.795879185,61300
615,2.147973582,0.043114801,0.046555507,0.093111015,0.794557711,61400
616,2.152363994,0.043173383,0.046460543,0.092921086,0.793239976,61500
617,2.156758299,0.043231942,0.046365882,0.092731763,0.791925964,61600
618,2.1611565,0.043290479,0.046271522,0.092543044,0.790615658,61700
619,2.165558599,0.043348994,0.046177462,0.092354924,0.789309043,61800
620,2.169964599,0.043407487,0.046083701,0.092167402,0.788006104,61900
621,2.174374502,0.043465957,0.045990238,0.091980475,0.786706824,62000
622,2.178788309,0.043524405,0.04589707,0.09179414,0.785411188,62100
623,2.183206024,0.043582831,0.045804198,0.091608395,0.78411918,62200
624,2.187627647,0.043641235,0.045711618,0.091423237,0.782830786,62300
625,2.192053183,0.043699617,0.045619331,0.091238662,0.78154599,62400
626,2.196482632,0.043757976,0.045527335,0.091054669,0.780264777,62500
627,2.200915997,0.043816314,0.045435628,0.090871256,0.778987132,62600
628,2.205353281,0.043874629,0.045344209,0.090688418,0.777713039,62700
629,2.209794485,0.043932923,0.045253077,0.090506154,0.776442484,62800
630,2.214239612,0.043991194,0.045162231,0.090324461,0.775175453,62900
631,2.218688664,0.044049444,0.045071669,0.090143337,0.773911929,63000
632,2.223141643,0.044107672,0.044981389,0.089962779,0.772651899,63100
633,2.227598552,0.044165878,0.044891392,0.089782784,0.771395349,63200
634,2.232059392,0.044224062,0.044801675,0.08960335,0.770142263,63300
635,2.236524166,0.044282224,0.044712238,0.089424475,0.768892627,63400
636,2.240992877,0.044340365,0.044623078,0.089246156,0.767646426,63500
637,2.245465525,0.044398484,0.044534195,0.08906839,0.766403648,63600
638,2.249942115,0.044456581,0.044445588,0.088891176,0.765164277,63700
639,2.254422647,0.044514657,0.044357255,0.08871451,0.763928299,63800
640,2.258907125,0.04457271,0.044269195,0.08853839,0.762695701,63900
641,2.26339555,0.044630743,0.044181407,0.088362814,0.761466468,64000
642,2.267887924,0.044688753,0.04409389,0.088187779,0.760240586,64100
643,2.272384251,0.044746743,0.044006642,0.088013284,0.759018043,64200
644,2.276884531,0.04480471,0.043919662,0.087839325,0.757798823,64300
645,2.281388768,0.044862656,0.04383295,0.0876659,0.756582914,64400
646,2.285896963,0.044920581,0.043746504,0.087493007,0.755370302,64500
647,2.29040912,0.044978484,0.043660322,0.087320644,0.754160973,64600
648,2.294925239,0.045036366,0.043574404,0.087148808,0.752954914,64700
649,2.299445323,0.045094227,0.043488749,0.086977498,0.751752113,64800
650,2.303969375,0.045152066,0.043403355,0.086806709,0.750552554,64900
651,2.308497397,0.045209884,0.043318221,0.086636442,0.749356226,65000
652,2.313029391,0.04526768,0.043233346,0.086466692,0.748163115,65100
653,2.317565359,0.045325456,0.043148729,0.086297458,0.746973208,65200
654,2.322105304,0.04538321,0.043064369,0.086128738,0.745786493,65300
655,2.326649227,0.045440943,0.042980265,0.08596053,0.744602956,65400
656,2.331197132,0.045498655,0.042896415,0.08579283,0.743422584,65500
657,2.335749019,0.045556345,0.042812819,0.085625638,0.742245365,65600
658,2.340304893,0.045614015,0.042729475,0.085458951,0.741071287,65700
659,2.344864753,0.045671664,0.042646383,0.085292766,0.739900335,65800
660,2.349428604,0.045729291,0.042563541,0.085127081,0.738732499,65900
661,2.353996447,0.045786898,0.042480948,0.084961895,0.737567765,66000
662,2.358568285,0.045844483,0.042398603,0.084797206,0.736406122,66100
663,2.363144119,0.045902048,0.042316505,0.08463301,0.735247556,66200
664,2.367723952,0.045959591,0.042234653,0.084469306,0.734092055,66300
665,2.372307787,0.046017114,0.042153046,0.084306093,0.732939608,66400
666,2.376895624,0.046074616,0.042071683,0.084143367,0.731790202,66500
667,2.381487468,0.046132097,0.041990563,0.083981126,0.730643826,66600
668,2.38608332,0.046189557,0.041909685,0.08381937,0.729500466,66700
669,2.390683181,0.046246997,0.041829047,0.083658095,0.728360111,66800
670,2.395287056,0.046304415,0.04174865,0.083497299,0.72722275,66900
671,2.399894945,0.046361813,0.041668491,0.083336981,0.72608837,67000
672,2.40450685,0.046419191,0.041588569,0.083177139,0.72495696,67100
673,2.409122776,0.046476547,0.041508885,0.08301777,0.723828508,67200
674,2.413742722,0.046533883,0.041429436,0.082858872,0.722703002,67300
675,2.418366692,0.046591199,0.041350222,0.082700444,0.721580431,67400
676,2.422994689,0.046648493,0.041271242,0.082542484,0.720460783,67500
677,2.427626713,0.046705768,0.041192494,0.082384989,0.719344048,67600
678,2.432262768,0.046763021,0.041113979,0.082227958,0.718230213,67700
679,2.436902856,0.046820254,0.041035694,0.082071388,0.717119267,67800
680,2.441546979,0.046877467,0.040957639,0.081915278,0.716011199,67900
681,2.446195138,0.04693466,0.040879813,0.081759626,0.714905998,68000
682,2.450847338,0.046991831,0.040802215,0.08160443,0.713803652,68100
683,2.455503579,0.047048983,0.040724844,0.081449688,0.712704151,68200
684,2.460163864,0.047106114,0.040647699,0.081295398,0.711607483,68300
685,2.464828196,0.047163225,0.040570779,0.081141558,0.710513638,68400
686,2.469496576,0.047220315,0.040494083,0.080988167,0.709422605,68500
687,2.474169007,0.047277385,0.040417611,0.080835222,0.708334372,68600
688,2.478845491,0.047334435,0.040341361,0.080682721,0.70724893,68700
689,2.48352603,0.047391465,0.040265332,0.080530664,0.706166266,68800
690,2.488210627,0.047448475,0.040189524,0.080379047,0.705086372,68900
691,2.492899284,0.047505464,0.040113935,0.08022787,0.704009235,69000
692,2.497592002,0.047562433,0.040038565,0.08007713,0.702934845,69100
693,2.502288785,0.047619382,0.039963413,0.079926826,0.701863193,69200
694,2.506989635,0.047676311,0.039888478,0.079776955,0.700794267,69300
695,2.511694554,0.04773322,0.039813758,0.079627517,0.699728057,69400
696,2.516403544,0.047790109,0.039739254,0.079478508,0.698664552,69500
697,2.521116607,0.047846978,0.039664964,0.079329928,0.697603743,69600
698,2.525833746,0.047903827,0.039590888,0.079181775,0.696545619,69700
699,2.530554963,0.047960656,0.039517024,0.079034047,0.69549017,69800
700,2.53528026,0.048017465,0.039443371,0.078886742,0.694437386,69900
701,2.540009639,0.048074254,0.039369929,0.078739859,0.693387256,70000
702,2.544743104,0.048131023,0.039296698,0.078593395,0.692339771,70100
703,2.549480655,0.048187772,0.039223675,0.07844735,0.691294921,70200
704,2.554222296,0.048244502,0.03915086,0.07830172,0.690252696,70300
705,2.558968028,0.048301212,0.039078253,0.078156506,0.689213085,70400
706,2.563717854,0.048357902,0.039005852,0.078011705,0.68817608,70500
707,2.568471776,0.048414572,0.038933657,0.077867315,0.687141669,70600
708,2.573229797,0.048471222,0.038861667,0.077723334,0.686109844,70700
709,2.577991918,0.048527853,0.038789881,0.077579762,0.685080595,70800
710,2.582758142,0.048584464,0.038718298,0.077436596,0.684053913,70900
711,2.587528471,0.048641055,0.038646918,0.077293835,0.683029787,71000
712,2.592302908,0.048697627,0.038575739,0.077151478,0.682008208,71100
713,2.597081455,0.048754179,0.038504761,0.077009521,0.680989166,71200
714,2.601864114,0.048810712,0.038433983,0.076867965,0.679972653,71300
715,2.606650886,0.048867225,0.038363404,0.076726807,0.678958658,71400
716,2.611441776,0.048923719,0.038293023,0.076586046,0.677947173,71500
717,2.616236784,0.048980193,0.03822284,0.07644568,0.676938188,71600
718,2.621035914,0.049036647,0.038152854,0.076305708,0.675931694,71700
719,2.625839167,0.049093082,0.038083064,0.076166127,0.674927682,71800
720,2.630646545,0.049149498,0.038013469,0.076026937,0.673926142,71900
721,2.635458052,0.049205894,0.037944068,0.075888136,0.672927066,72000
722,2.640273689,0.049262271,0.037874861,0.075749723,0.671930443,72100
723,2.645093458,0.049318629,0.037805848,0.075611695,0.670936267,72200
724,2.649917362,0.049374967,0.037737026,0.075474052,0.669944526,72300
725,2.654745404,0.049431286,0.037668396,0.075336791,0.668955213,72400
726,2.659577584,0.049487586,0.037599956,0.075199912,0.667968319,72500
727,2.664413907,0.049543866,0.037531706,0.075063412,0.666983834,72600
728,2.669254373,0.049600127,0.037463646,0.074927291,0.66600175,72700
729,2.674098986,0.049656369,0.037395774,0.074791547,0.665022058,72800
730,2.678947747,0.049712592,0.037328089,0.074656178,0.664044749,72900
731,2.683800659,0.049768796,0.037260591,0.074521183,0.663069815,73000
732,2.688657724,0.04982498,0.03719328,0.07438656,0.662097248,73100
733,2.693518945,0.049881146,0.037126154,0.074252309,0.661127038,73200
734,2.698384323,0.049937292,0.037059213,0.074118426,0.660159177,73300
735,2.703253861,0.049993419,0.036992456,0.073984912,0.659193656,73400
736,2.708127561,0.050049527,0.036925882,0.073851765,0.658230467,73500
737,2.713005426,0.050105617,0.036859491,0.073718983,0.657269602,73600
738,2.717887458,0.050161687,0.036793282,0.073586564,0.656311052,73700
739,2.722773659,0.050217738,0.036727254,0.073454508,0.65535481,73800
740,2.727664032,0.05027377,0.036661407,0.073322813,0.654400865,73900
741,2.732558578,0.050329784,0.036595739,0.073191478,0.653449211,74000
742,2.7374573,0.050385778,0.03653025,0.0730605,0.652499839,74100
743,2.742360201,0.050441754,0.03646494,0.07292988,0.651552742,74200
744,2.747267282,0.050497711,0.036399807,0.072799615,0.650607909,74300
745,2.752178546,0.050553649,0.036334852,0.072669704,0.649665335,74400
746,2.757093996,0.050609568,0.036270073,0.072540146,0.648725011,74500
747,2.762013633,0.050665468,0.036205469,0.072410939,0.647786928,74600
748,2.76693746,0.05072135,0.036141041,0.072282082,0.646851078,74700
749,2.771865479,0.050777213,0.036076787,0.072153574,0.645917455,74800
750,2.776797692,0.050833057,0.036012706,0.072025413,0.644986049,74900
751,2.781734102,0.050888883,0.035948799,0.071897598,0.644056853,75000
752,2.786674711,0.050944689,0.035885064,0.071770128,0.64312986,75100
753,2.791619522,0.051000478,0.0358215,0.071643001,0.64220506,75200
754,2.796568536,0.051056247,0.035758108,0.071516216,0.641282448,75300
755,2.801521756,0.051111998,0.035694886,0.071389772,0.640362014,75400
756,2.806479184,0.051167731,0.035631834,0.071263668,0.639443751,75500
757,2.811440823,0.051223445,0.035568951,0.071137901,0.638527652,75600
758,2.816406675,0.05127914,0.035506236,0.071012472,0.637613709,75700
759,2.821376742,0.051334817,0.035443689,0.070887378,0.636701915,75800
760,2.826351027,0.051390475,0.035381309,0.070762619,0.635792261,75900
761,2.831329531,0.051446115,0.035319096,0.070638192,0.634884741,76000
762,2.836312257,0.051501737,0.035257049,0.070514098,0.633979346,76100
763,2.841299208,0.05155734,0.035195167,0.070390334,0.63307607,76200
764,2.846290386,0.051612925,0.03513345,0.070266899,0.632174906,76300
765,2.851285793,0.051668491,0.035071896,0.070143793,0.631275845,76400
766,2.856285431,0.051724039,0.035010507,0.070021013,0.63037888,76500
767,2.861289302,0.051779569,0.03494928,0.069898559,0.629484004,76600
768,2.86629741,0.05183508,0.034888215,0.06977643,0.628591211,76700
769,2.871309756,0.051890573,0.034827312,0.069654623,0.627700492,76800
770,2.876326343,0.051946048,0.03476657,0.069533139,0.626811841,76900
771,2.881347173,0.052001504,0.034705988,0.069411976,0.625925249,77000
772,2.886372248,0.052056943,0.034645566,0.069291132,0.625040712,77100
773,2.89140157,0.052112363,0.034585303,0.069170606,0.62415822,77200
774,2.896435143,0.052167765,0.034525199,0.069050398,0.623277767,77300
775,2.901472968,0.052223149,0.034465253,0.068930506,0.622399347,77400
776,2.906515047,0.052278515,0.034405464,0.068810929,0.621522951,77500
777,2.911561383,0.052333862,0.034345833,0.068691665,0.620648574,77600
778,2.916611979,0.052389192,0.034286357,0.068572714,0.619776208,77700
779,2.921666836,0.052444503,0.034227037,0.068454075,0.618905846,77800
780,2.926725957,0.052499797,0.034167873,0.068335745,0.618037482,77900
781,2.931789344,0.052555072,0.034108863,0.068217725,0.617171108,78000
782,2.936857,0.05261033,0.034050007,0.068100013,0.616306718,78100
783,2.941928926,0.052665569,0.033991304,0.067982608,0.615444306,78200
784,2.947005126,0.052720791,0.033932754,0.067865508,0.614583863,78300
785,2.952085601,0.052775995,0.033874356,0.067748713,0.613725385,78400
786,2.957170354,0.05283118,0.033816111,0.067632221,0.612868863,78500
787,2.962259388,0.052886348,0.033758016,0.067516032,0.612014292,78600
788,2.967352703,0.052941498,0.033700072,0.067400144,0.611161664,78700
789,2.972450304,0.05299663,0.033642278,0.067284556,0.610310974,78800
790,2.977552192,0.053051744,0.033584634,0.067169268,0.609462214,78900
791,2.982658369,0.053106841,0.033527138,0.067054277,0.608615379,79000
792,2.987768839,0.053161919,0.033469791,0.066939583,0.607770461,79100
793,2.992883602,0.05321698,0.033412592,0.066825185,0.606927454,79200
794,2.998002662,0.053272024,0.033355541,0.066711082,0.606086352,79300
795,3.003126021,0.053327049,0.033298636,0.066597272,0.605247148,79400
796,3.008253681,0.053382057,0.033241877,0.066483755,0.604409836,79500
797,3.013385645,0.053437047,0.033185265,0.066370529,0.60357441,79600
798,3.018521914,0.053492019,0.033128797,0.066257594,0.602740864,79700
799,3.023662492,0.053546974,0.033072474,0.066144949,0.60190919,79800
800,3.028807381,0.053601911,0.033016296,0.066032591,0.601079383,79900
801,3.033956582,0.053656831,0.032960261,0.065920521,0.600251437,80000
