,SAR,Infections,Reff_1,Reff_2,n
1,0.05908842,0,1.69237897,3.38475794,0
2,0.062894207,7.53E-05,1.589971566,3.179943132,100
3,0.066728968,0.000150192,1.498599539,2.997199078,200
4,0.070581621,0.000224779,1.416799422,2.833598843,300
5,0.074442297,0.00029905,1.343322336,2.686644672,400
6,0.078302365,0.000373022,1.277100637,2.554201274,500
7,0.082154422,0.000446709,1.217219937,2.434439874,600
8,0.08599224,0.000520124,1.162895629,2.325791258,700
9,0.089810693,0.000593277,1.113453157,2.226906313,800
10,0.093605664,0.000666181,1.068311423,2.136622845,900
11,0.09737394,0.000738845,1.026968816,2.053937631,1000
12,0.101113111,0.000811277,0.98899143,1.977982861,1100
13,0.104821459,0.000883487,0.954003126,1.908006253,1200
14,0.108497865,0.00095548,0.921677126,1.843354252,1300
15,0.112141705,0.001027266,0.891728906,1.783457811,1400
16,0.115752775,0.001098849,0.863910174,1.727820347,1500
17,0.119331207,0.001170236,0.83800376,1.67600752,1600
18,0.122877404,0.001241432,0.813819277,1.627638554,1700
19,0.126391982,0.001312443,0.791189426,1.582378852,1800
20,0.129875721,0.001383274,0.769966851,1.539933701,1900
21,0.133329519,0.001453929,0.750021454,1.500042908,2000
22,0.136754361,0.001524413,0.731238104,1.462476208,2100
23,0.140151288,0.001594729,0.713514671,1.427029342,2200
24,0.143521371,0.001664882,0.696760343,1.393520687,2300
25,0.146865699,0.001734874,0.680894184,1.361788368,2400
26,0.150185354,0.00180471,0.665843886,1.331687772,2500
27,0.15348141,0.001874393,0.651544703,1.303089406,2600
28,0.156754916,0.001943926,0.637938525,1.27587705,2700
29,0.160006892,0.002013312,0.624973078,1.249946156,2800
30,0.163238326,0.002082553,0.612601234,1.225202467,2900
31,0.166450168,0.002151652,0.600780407,1.201560815,3000
32,0.169643331,0.002220612,0.589472038,1.178944077,3100
33,0.172818686,0.002289436,0.578641133,1.157282266,3200
34,0.175977065,0.002358125,0.568255869,1.136511738,3300
35,0.179119262,0.002426682,0.55828725,1.1165745,3400
36,0.182246029,0.00249511,0.5487088,1.097417599,3500
37,0.185358084,0.002563409,0.539496298,1.078992595,3600
38,0.188456105,0.002631583,0.530627544,1.061255088,3700
39,0.191540736,0.002699632,0.522082153,1.044164306,3800
40,0.194612589,0.00276756,0.513841372,1.027682745,3900
41,0.197672243,0.002835367,0.50588792,1.011775841,4000
42,0.200720246,0.002903056,0.498205845,0.99641169,4100
43,0.203757119,0.002970628,0.490780397,0.981560794,4200
44,0.206783355,0.003038084,0.483597918,0.967195835,4300
45,0.209799422,0.003105427,0.476645737,0.953291475,4400
46,0.212805762,0.003172658,0.469912088,0.939824176,4500
47,0.215802798,0.003239778,0.463386022,0.926772043,4600
48,0.218790929,0.003306789,0.457057341,0.914114681,4700
49,0.221770534,0.003373692,0.450916531,0.901833063,4800
50,0.224741975,0.003440488,0.444954708,0.889909416,4900
51,0.227705595,0.003507179,0.43916356,0.87832712,5000
52,0.230661721,0.003573766,0.433535306,0.867070612,5100
53,0.233610664,0.003640251,0.42806265,0.8561253,5200
54,0.236552721,0.003706634,0.422738744,0.845477488,5300
55,0.239488173,0.003772916,0.417557155,0.835114309,5400
56,0.242417291,0.003839099,0.412511829,0.825023658,5500
57,0.245340332,0.003905184,0.407597068,0.815194136,5600
58,0.248257542,0.003971172,0.4028075,0.805615,5700
59,0.251169157,0.004037063,0.398138056,0.796276112,5800
60,0.254075402,0.00410286,0.393583949,0.787167899,5900
61,0.256976491,0.004168563,0.389140655,0.778281311,6000
62,0.259872631,0.004234172,0.384803893,0.769607786,6100
63,0.26276402,0.00429969,0.380569608,0.761139216,6200
64,0.265650847,0.004365116,0.376433959,0.752867918,6300
65,0.268533294,0.004430452,0.372393301,0.744786602,6400
66,0.271411537,0.004495699,0.368444176,0.736888351,6500
67,0.274285742,0.004560857,0.364583296,0.729166592,6600
68,0.277156072,0.004625927,0.360807539,0.721615077,6700
69,0.28002268,0.004690911,0.357113931,0.714227862,6800
70,0.282885717,0.004755808,0.353499643,0.706999286,6900
71,0.285745326,0.00482062,0.349961979,0.699923958,7000
72,0.288601646,0.004885348,0.34649837,0.69299674,7100
73,0.291454811,0.004949992,0.343106363,0.686212726,7200
74,0.294304947,0.005014553,0.339783619,0.679567237,7300
75,0.297152181,0.005079032,0.336527902,0.673055803,7400
76,0.299996632,0.005143429,0.333337076,0.666674152,7500
77,0.302838415,0.005207746,0.330209099,0.660418198,7600
78,0.305677642,0.005271982,0.327142016,0.654284032,7700
79,0.308514421,0.005336139,0.324133957,0.648267913,7800
80,0.311348857,0.005400217,0.321183129,0.642366258,7900
81,0.31418105,0.005464217,0.318287815,0.63657563,8000
82,0.317011099,0.005528139,0.315446369,0.630892737,8100
83,0.319839098,0.005591985,0.31265721,0.625314421,8200
84,0.322665138,0.005655754,0.309918824,0.619837648,8300
85,0.325489308,0.005719447,0.307229753,0.614459507,8400
86,0.328311695,0.005783066,0.304588601,0.609177202,8500
87,0.331132382,0.00584661,0.301994022,0.603988045,8600
88,0.333951449,0.005910079,0.299444725,0.59888945,8700
89,0.336768976,0.005973476,0.296939466,0.593878933,8800
90,0.339585038,0.0060368,0.29447705,0.588954099,8900
91,0.342399709,0.006100051,0.292056323,0.584112647,9000
92,0.345213061,0.006163231,0.289676178,0.579352356,9100
93,0.348025163,0.00622634,0.287335545,0.57467109,9200
94,0.350836085,0.006289377,0.285033394,0.570066788,9300
95,0.353645891,0.006352345,0.282768732,0.565537463,9400
96,0.356454645,0.006415243,0.2805406,0.5610812,9500
97,0.35926241,0.006478072,0.278348074,0.556696148,9600
98,0.362069247,0.006540832,0.276190261,0.552380523,9700
99,0.364875214,0.006603524,0.2740663,0.5481326,9800
100,0.367680369,0.006666148,0.271975358,0.543950716,9900
101,0.370484768,0.006728705,0.26991663,0.53983326,10000
102,0.373288465,0.006791194,0.267889338,0.535778677,10100
103,0.376091514,0.006853618,0.265892732,0.531785464,10200
104,0.378893965,0.006915975,0.263926083,0.527852165,10300
105,0.38169587,0.006978267,0.261988687,0.523977375,10400
106,0.384497278,0.007040494,0.260079865,0.52015973,10500
107,0.387298236,0.007102657,0.258198956,0.516397911,10600
108,0.390098791,0.007164755,0.256345322,0.512690643,10700
109,0.392898989,0.007226789,0.254518344,0.509036688,10800
110,0.395698874,0.007288759,0.252717424,0.505434847,10900
111,0.39849849,0.007350667,0.25094198,0.501883959,11000
112,0.401297879,0.007412512,0.249191449,0.498382898,11100
113,0.404097083,0.007474295,0.247465285,0.494930571,11200
114,0.406896142,0.007536016,0.24576296,0.491525919,11300
115,0.409695095,0.007597675,0.244083957,0.488167915,11400
116,0.412493981,0.007659273,0.24242778,0.48485556,11500
117,0.415292838,0.007720811,0.240793943,0.481587887,11600
118,0.418091702,0.007782288,0.239181977,0.478363955,11700
119,0.42089061,0.007843705,0.237591425,0.475182851,11800
120,0.423689597,0.007905063,0.236021844,0.472043688,11900
121,0.426488698,0.007966361,0.234472802,0.468945604,12000
122,0.429287946,0.0080276,0.232943881,0.465887761,12100
123,0.432087374,0.00808878,0.231434673,0.462869346,12200
124,0.434887014,0.008149902,0.229944783,0.459889566,12300
125,0.437686899,0.008210966,0.228473825,0.456947651,12400
126,0.440487058,0.008271973,0.227021426,0.454042852,12500
127,0.443287523,0.008332922,0.22558722,0.45117444,12600
128,0.446088322,0.008393814,0.224170854,0.448341707,12700
129,0.448889486,0.00845465,0.222771981,0.445543962,12800
130,0.451691042,0.008515429,0.221390266,0.442780532,12900
131,0.454493019,0.008576152,0.220025382,0.440050763,13000
132,0.457295443,0.008636819,0.218677009,0.437354019,13100
133,0.460098342,0.008697431,0.217344839,0.434689677,13200
134,0.462901742,0.008757987,0.216028567,0.432057134,13300
135,0.465705668,0.008818489,0.2147279,0.4294558,13400
136,0.468510146,0.008878936,0.21344255,0.426885099,13500
137,0.4713152,0.008939329,0.212172236,0.424344473,13600
138,0.474120855,0.008999668,0.210916687,0.421833374,13700
139,0.476927135,0.009059953,0.209675635,0.419351271,13800
140,0.479734062,0.009120184,0.208448822,0.416897643,13900
141,0.482541661,0.009180363,0.207235993,0.414471985,14000
142,0.485349952,0.009240488,0.206036901,0.412073802,14100
143,0.488158959,0.009300561,0.204851305,0.40970261,14200
144,0.490968704,0.009360581,0.20367897,0.40735794,14300
145,0.493779206,0.00942055,0.202519666,0.405039332,14400
146,0.496590488,0.009480466,0.201373168,0.402746337,14500
147,0.49940257,0.009540331,0.200239258,0.400478516,14600
148,0.502215472,0.009600145,0.199117721,0.398235441,14700
149,0.505029214,0.009659907,0.198008347,0.396016695,14800
150,0.507843814,0.009719619,0.196910934,0.393821869,14900
151,0.510659293,0.00977928,0.195825282,0.391650564,15000
152,0.51347567,0.00983889,0.194751195,0.389502389,15100
153,0.516292961,0.009898451,0.193688482,0.387376964,15200
154,0.519111187,0.009957961,0.192636958,0.385273917,15300
155,0.521930364,0.010017422,0.191596441,0.383192882,15400
156,0.52475051,0.010076834,0.190566752,0.381133503,15500
157,0.527571642,0.010136196,0.189547716,0.379095433,15600
158,0.530393777,0.01019551,0.188539165,0.37707833,15700
159,0.533216933,0.010254774,0.187540931,0.375081862,15800
160,0.536041125,0.01031399,0.186552851,0.373105702,15900
161,0.538866369,0.010373158,0.185574765,0.371149531,16000
162,0.541692681,0.010432278,0.184606519,0.369213037,16100
163,0.544520078,0.01049135,0.183647957,0.367295915,16200
164,0.547348573,0.010550375,0.182698932,0.365397865,16300
165,0.550178183,0.010609351,0.181759297,0.363518595,16400
166,0.553008923,0.010668281,0.180828909,0.361657817,16500
167,0.555840806,0.010727164,0.179907626,0.359815253,16600
168,0.558673848,0.010786,0.178995313,0.357990625,16700
169,0.561508062,0.010844789,0.178091833,0.356183666,16800
170,0.564343462,0.010903532,0.177197056,0.354394112,16900
171,0.567180063,0.010962229,0.176310852,0.352621703,17000
172,0.570017878,0.01102088,0.175433094,0.350866188,17100
173,0.57285692,0.011079485,0.174563659,0.349127318,17200
174,0.575697202,0.011138045,0.173702425,0.34740485,17300
175,0.578538737,0.011196559,0.172849273,0.345698545,17400
176,0.581381539,0.011255028,0.172004086,0.344008171,17500
177,0.584225619,0.011313451,0.171166749,0.342333498,17600
178,0.58707099,0.011371831,0.170337151,0.340674302,17700
179,0.589917664,0.011430165,0.169515182,0.339030363,17800
180,0.592765654,0.011488455,0.168700733,0.337401465,17900
181,0.59561497,0.011546701,0.167893698,0.335787396,18000
182,0.598465626,0.011604902,0.167093975,0.334187949,18100
183,0.601317631,0.01166306,0.16630146,0.33260292,18200
184,0.604170999,0.011721174,0.165516055,0.331032109,18300
185,0.607025739,0.011779245,0.16473766,0.329475321,18400
186,0.609881863,0.011837272,0.163966181,0.327932362,18500
187,0.612739382,0.011895256,0.163201522,0.326403045,18600
188,0.615598307,0.011953197,0.162443592,0.324887183,18700
189,0.618458648,0.012011095,0.161692298,0.323384596,18800
190,0.621320415,0.01206895,0.160947552,0.321895105,18900
191,0.624183619,0.012126763,0.160209267,0.320418534,19000
192,0.627048271,0.012184534,0.159477356,0.318954711,19100
193,0.629914379,0.012242262,0.158751734,0.317503468,19200
194,0.632781955,0.012299948,0.158032319,0.316064639,19300
195,0.635651008,0.012357593,0.15731903,0.31463806,19400
196,0.638521547,0.012415196,0.156611786,0.313223572,19500
197,0.641393582,0.012472757,0.155910509,0.311821018,19600
198,0.644267123,0.012530277,0.155215122,0.310430244,19700
199,0.647142178,0.012587756,0.154525549,0.309051097,19800
200,0.650018757,0.012645193,0.153841714,0.307683429,19900
201,0.652896869,0.01270259,0.153163547,0.306327093,20000
202,0.655776523,0.012759946,0.152490973,0.304981946,20100
203,0.658657728,0.012817262,0.151823923,0.303647846,20200
204,0.661540492,0.012874537,0.151162327,0.302324654,20300
205,0.664424823,0.012931771,0.150506117,0.301012233,20400
206,0.667310732,0.012988966,0.149855225,0.29971045,20500
207,0.670198225,0.01304612,0.149209586,0.298419173,20600
208,0.673087312,0.013103235,0.148569135,0.297138271,20700
209,0.675977999,0.01316031,0.147933809,0.295867617,20800
210,0.678870297,0.013217346,0.147303543,0.294607086,20900
211,0.681764211,0.013274342,0.146678277,0.293356554,21000
212,0.684659751,0.013331299,0.14605795,0.292115901,21100
213,0.687556924,0.013388216,0.145442503,0.290885006,21200
214,0.690455738,0.013445095,0.144831876,0.289663752,21300
215,0.693356201,0.013501935,0.144226012,0.288452025,21400
216,0.696258319,0.013558736,0.143624855,0.28724971,21500
217,0.699162101,0.013615498,0.143028348,0.286056695,21600
218,0.702067554,0.013672222,0.142436436,0.284872871,21700
219,0.704974685,0.013728908,0.141849065,0.28369813,21800
220,0.707883501,0.013785556,0.141266183,0.282532366,21900
221,0.710794009,0.013842165,0.140687736,0.281375472,22000
222,0.713706217,0.013898737,0.140113674,0.280227347,22100
223,0.716620131,0.013955271,0.139543945,0.279087889,22200
224,0.719535759,0.014011767,0.138978499,0.277956999,22300
225,0.722453106,0.014068226,0.138417288,0.276834577,22400
226,0.725372181,0.014124647,0.137860264,0.275720527,22500
227,0.728292988,0.014181031,0.137307377,0.274614754,22600
228,0.731215536,0.014237378,0.136758582,0.273517164,22700
229,0.734139831,0.014293688,0.136213833,0.272427665,22800
230,0.737065878,0.014349961,0.135673083,0.271346166,22900
231,0.739993685,0.014406198,0.135136288,0.270272577,23000
232,0.742923257,0.014462397,0.134603405,0.26920681,23100
233,0.745854601,0.01451856,0.134074389,0.268148778,23200
234,0.748787723,0.014574687,0.133549198,0.267098396,23300
235,0.75172263,0.014630777,0.13302779,0.26605558,23400
236,0.754659327,0.014686832,0.132510123,0.265020246,23500
237,0.757597819,0.01474285,0.131996156,0.263992312,23600
238,0.760538114,0.014798832,0.131485849,0.262971699,23700
239,0.763480217,0.014854779,0.130979163,0.261958326,23800
240,0.766424134,0.01491069,0.130476058,0.260952117,23900
241,0.76936987,0.014966565,0.129976496,0.259952992,24000
242,0.772317432,0.015022405,0.129480439,0.258960878,24100
243,0.775266824,0.015078209,0.128987849,0.257975698,24200
244,0.778218053,0.015133979,0.12849869,0.256997379,24300
245,0.781171123,0.015189713,0.128012924,0.256025849,24400
246,0.784126041,0.015245412,0.127530518,0.255061035,24500
247,0.787082812,0.015301076,0.127051434,0.254102868,24600
248,0.790041441,0.015356706,0.126575639,0.253151277,24700
249,0.793001934,0.0154123,0.126103097,0.252206195,24800
250,0.795964295,0.01546786,0.125633776,0.251267552,24900
251,0.79892853,0.015523386,0.125167642,0.250335283,25000
252,0.801894644,0.015578878,0.124704661,0.249409323,25100
253,0.804862643,0.015634335,0.124244802,0.248489605,25200
254,0.80783253,0.015689758,0.123788033,0.247576066,25300
255,0.810804312,0.015745147,0.123334322,0.246668644,25400
256,0.813777993,0.015800502,0.122883638,0.245767275,25500
257,0.816753579,0.015855823,0.12243595,0.244871899,25600
258,0.819731073,0.01591111,0.121991228,0.243982455,25700
259,0.822710482,0.015966364,0.121549442,0.243098884,25800
260,0.825691809,0.016021584,0.121110563,0.242221126,25900
261,0.828675059,0.016076771,0.120674562,0.241349125,26000
262,0.831660237,0.016131925,0.12024141,0.240482821,26100
263,0.834647349,0.016187045,0.11981108,0.239622159,26200
264,0.837636397,0.016242132,0.119383542,0.238767084,26300
265,0.840627388,0.016297187,0.11895877,0.23791754,26400
266,0.843620325,0.016352208,0.118536736,0.237073473,26500
267,0.846615214,0.016407196,0.118117414,0.236234829,26600
268,0.849612057,0.016462152,0.117700778,0.235401556,26700
269,0.852610861,0.016517075,0.117286801,0.234573601,26800
270,0.855611629,0.016571966,0.116875457,0.233750914,26900
271,0.858614365,0.016626824,0.116466721,0.232933443,27000
272,0.861619075,0.01668165,0.116060569,0.232121138,27100
273,0.864625762,0.016736443,0.115656975,0.23131395,27200
274,0.86763443,0.016791204,0.115255915,0.23051183,27300
275,0.870645084,0.016845934,0.114857365,0.22971473,27400
276,0.873657728,0.016900631,0.114461301,0.228922602,27500
277,0.876672365,0.016955296,0.1140677,0.228135399,27600
278,0.879689001,0.01700993,0.113676538,0.227353076,27700
279,0.882707639,0.017064532,0.113287793,0.226575585,27800
280,0.885728283,0.017119102,0.112901442,0.225802883,27900
281,0.888750938,0.017173641,0.112517462,0.225034924,28000
282,0.891775606,0.017228148,0.112135832,0.224271665,28100
283,0.894802293,0.017282624,0.111756531,0.223513062,28200
284,0.897831002,0.017337069,0.111379536,0.222759071,28300
285,0.900861737,0.017391482,0.111004826,0.222009651,28400
286,0.903894501,0.017445864,0.11063238,0.22126476,28500
287,0.906929299,0.017500216,0.110262178,0.220524356,28600
288,0.909966134,0.017554536,0.1098942,0.219788399,28700
289,0.913005011,0.017608826,0.109528424,0.219056848,28800
290,0.916045932,0.017663085,0.109164832,0.218329663,28900
291,0.919088902,0.017717313,0.108803403,0.217606806,29000
292,0.922133924,0.017771511,0.108444118,0.216888236,29100
293,0.925181002,0.017825678,0.108086958,0.216173916,29200
294,0.92823014,0.017879815,0.107731904,0.215463807,29300
295,0.93128134,0.017933921,0.107378937,0.214757873,29400
296,0.934334608,0.017987998,0.107028038,0.214056076,29500
297,0.937389945,0.018042044,0.10667919,0.21335838,29600
298,0.940447357,0.01809606,0.106332374,0.212664748,29700
299,0.943506845,0.018150045,0.105987572,0.211975145,29800
300,0.946568414,0.018204001,0.105644767,0.211289535,29900
301,0.949632068,0.018257928,0.105303942,0.210607884,30000
302,0.952697809,0.018311824,0.104965078,0.209930156,30100
303,0.955765641,0.018365691,0.10462816,0.209256319,30200
304,0.958835567,0.018419528,0.104293169,0.208586338,30300
305,0.961907591,0.018473335,0.10396009,0.207920181,30400
306,0.964981716,0.018527114,0.103628907,0.207257813,30500
307,0.968057945,0.018580862,0.103299602,0.206599203,30600
308,0.971136282,0.018634582,0.102972159,0.205944319,30700
309,0.974216729,0.018688272,0.102646564,0.205293128,30800
310,0.977299291,0.018741933,0.1023228,0.2046456,30900
311,0.98038397,0.018795565,0.102000852,0.204001704,31000
312,0.983470769,0.018849168,0.101680704,0.203361408,31100
313,0.986559692,0.018902742,0.101362341,0.202724682,31200
314,0.989650742,0.018956287,0.101045749,0.202091497,31300
315,0.992743922,0.019009804,0.100730911,0.201461823,31400
316,0.995839234,0.019063292,0.100417815,0.20083563,31500
317,0.998936683,0.019116751,0.100106445,0.20021289,31600
318,1.002036271,0.019170181,0.099796787,0.199593573,31700
319,1.005138002,0.019223584,0.099488826,0.198977652,31800
320,1.008241877,0.019276957,0.09918255,0.198365099,31900
321,1.011347901,0.019330303,0.098877943,0.197755886,32000
322,1.014456076,0.01938362,0.098574992,0.197149985,32100
323,1.017566405,0.019436909,0.098273685,0.196547369,32200
324,1.020678892,0.019490169,0.097974006,0.195948012,32300
325,1.023793538,0.019543402,0.097675944,0.195351887,32400
326,1.026910348,0.019596607,0.097379484,0.194758968,32500
327,1.030029323,0.019649784,0.097084615,0.194169229,32600
328,1.033150468,0.019702932,0.096791322,0.193582645,32700
329,1.036273784,0.019756054,0.096499595,0.192999189,32800
330,1.039399274,0.019809147,0.096209419,0.192418837,32900
331,1.042526942,0.019862213,0.095920782,0.191841565,33000
332,1.04565679,0.019915251,0.095633673,0.191267347,33100
333,1.048788821,0.019968262,0.09534808,0.190696159,33200
334,1.051923038,0.020021245,0.095063989,0.190127978,33300
335,1.055059443,0.020074201,0.094781389,0.189562779,33400
336,1.05819804,0.02012713,0.09450027,0.189000539,33500
337,1.06133883,0.020180031,0.094220618,0.188441235,33600
338,1.064481817,0.020232905,0.093942422,0.187884844,33700
339,1.067627004,0.020285752,0.093665671,0.187331343,33800
340,1.070774393,0.020338572,0.093390354,0.186780709,33900
341,1.073923986,0.020391365,0.09311646,0.18623292,34000
342,1.077075787,0.020444131,0.092843977,0.185687955,34100
343,1.080229798,0.020496871,0.092572895,0.185145791,34200
344,1.083386022,0.020549583,0.092303203,0.184606406,34300
345,1.086544461,0.020602269,0.09203489,0.18406978,34400
346,1.089705117,0.020654928,0.091767946,0.183535891,34500
347,1.092867995,0.02070756,0.091502359,0.183004719,34600
348,1.096033095,0.020760166,0.091238121,0.182476242,34700
349,1.099200421,0.020812746,0.09097522,0.18195044,34800
350,1.102369975,0.020865299,0.090713646,0.181427293,34900
351,1.10554176,0.020917826,0.09045339,0.18090678,35000
352,1.108715778,0.020970326,0.090194441,0.180388882,35100
353,1.111892032,0.0210228,0.08993679,0.17987358,35200
354,1.115070524,0.021075248,0.089680426,0.179360853,35300
355,1.118251257,0.02112767,0.089425341,0.178850682,35400
356,1.121434233,0.021180066,0.089171524,0.178343049,35500
357,1.124619454,0.021232436,0.088918967,0.177837934,35600
358,1.127806924,0.021284779,0.088667659,0.177335318,35700
359,1.130996644,0.021337097,0.088417592,0.176835184,35800
360,1.134188616,0.02138939,0.088168757,0.176337513,35900
361,1.137382844,0.021441656,0.087921143,0.175842287,36000
362,1.14057933,0.021493897,0.087674743,0.175349487,36100
363,1.143778076,0.021546112,0.087429548,0.174859096,36200
364,1.146979084,0.021598301,0.087185548,0.174371096,36300
365,1.150182357,0.021650466,0.086942735,0.17388547,36400
366,1.153387898,0.021702604,0.0867011,0.173402201,36500
367,1.156595707,0.021754717,0.086460636,0.172921271,36600
368,1.159805789,0.021806805,0.086221332,0.172442664,36700
369,1.163018144,0.021858867,0.085983181,0.171966363,36800
370,1.166232776,0.021910905,0.085746175,0.17149235,36900
371,1.169449687,0.021962917,0.085510306,0.171020611,37000
372,1.172668879,0.022014904,0.085275564,0.170551128,37100
373,1.175890354,0.022066866,0.085041943,0.170083885,37200
374,1.179114114,0.022118802,0.084809433,0.169618867,37300
375,1.182340162,0.022170714,0.084578029,0.169156057,37400
376,1.1855685,0.022222601,0.08434772,0.16869544,37500
377,1.188799131,0.022274463,0.0841185,0.168237001,37600
378,1.192032056,0.022326301,0.083890361,0.167780723,37700
379,1.195267277,0.022378113,0.083663296,0.167326592,37800
380,1.198504798,0.022429901,0.083437296,0.166874593,37900
381,1.201744619,0.022481664,0.083212355,0.16642471,38000
382,1.204986744,0.022533403,0.082988465,0.16597693,38100
383,1.208231174,0.022585117,0.082765618,0.165531236,38200
384,1.211477912,0.022636807,0.082543808,0.165087616,38300
385,1.214726959,0.022688472,0.082323027,0.164646054,38400
386,1.217978319,0.022740113,0.082103268,0.164206535,38500
387,1.221231992,0.022791729,0.081884524,0.163769047,38600
388,1.224487981,0.022843322,0.081666788,0.163333575,38700
389,1.227746289,0.02289489,0.081450053,0.162900105,38800
390,1.231006917,0.022946433,0.081234312,0.162468624,38900
391,1.234269868,0.022997953,0.081019559,0.162039117,39000
392,1.237535143,0.023049449,0.080805786,0.161611572,39100
393,1.240802745,0.023100921,0.080592987,0.161185975,39200
394,1.244072675,0.023152368,0.080381156,0.160762312,39300
395,1.247344937,0.023203792,0.080170286,0.160340571,39400
396,1.250619531,0.023255192,0.07996037,0.159920739,39500
397,1.25389646,0.023306568,0.079751401,0.159502803,39600
398,1.257175726,0.023357921,0.079543375,0.15908675,39700
399,1.260457331,0.023409249,0.079336283,0.158672567,39800
400,1.263741277,0.023460554,0.079130121,0.158260242,39900
401,1.267027566,0.023511836,0.078924881,0.157849762,40000
402,1.2703162,0.023563093,0.078720558,0.157441116,40100
403,1.273607181,0.023614328,0.078517145,0.15703429,40200
404,1.276900511,0.023665538,0.078314637,0.156629274,40300
405,1.280196192,0.023716726,0.078113027,0.156226054,40400
406,1.283494226,0.02376789,0.07791231,0.15582462,40500
407,1.286794615,0.023819031,0.077712479,0.155424959,40600
408,1.290097361,0.023870148,0.07751353,0.155027059,40700
409,1.293402466,0.023921242,0.077315455,0.15463091,40800
410,1.296709932,0.023972313,0.077118249,0.154236499,40900
411,1.300019761,0.024023361,0.076921908,0.153843815,41000
412,1.303331954,0.024074386,0.076726424,0.153452848,41100
413,1.306646515,0.024125387,0.076531793,0.153063585,41200
414,1.309963443,0.024176366,0.076338008,0.152676016,41300
415,1.313282743,0.024227322,0.076145065,0.15229013,41400
416,1.316604414,0.024278255,0.075952958,0.151905916,41500
417,1.31992846,0.024329165,0.075761682,0.151523364,41600
418,1.323254883,0.024380052,0.075571231,0.151142461,41700
419,1.326583683,0.024430917,0.0753816,0.150763199,41800
420,1.329914864,0.024481758,0.075192783,0.150385566,41900
421,1.333248426,0.024532577,0.075004776,0.150009553,42000
422,1.336584372,0.024583374,0.074817574,0.149635148,42100
423,1.339922704,0.024634148,0.074631171,0.149262341,42200
424,1.343263424,0.024684899,0.074445562,0.148891123,42300
425,1.346606532,0.024735628,0.074260742,0.148521484,42400
426,1.349952032,0.024786334,0.074076706,0.148153412,42500
427,1.353299925,0.024837018,0.07389345,0.147786899,42600
428,1.356650213,0.024887679,0.073710968,0.147421935,42700
429,1.360002898,0.024938319,0.073529255,0.14705851,42800
430,1.363357981,0.024988936,0.073348307,0.146696614,42900
431,1.366715465,0.02503953,0.073168119,0.146336238,43000
432,1.370075351,0.025090103,0.072988686,0.145977373,43100
433,1.373437641,0.025140653,0.072810004,0.145620008,43200
434,1.376802337,0.025191181,0.072632067,0.145264135,43300
435,1.38016944,0.025241688,0.072454872,0.144909744,43400
436,1.383538953,0.025292172,0.072278413,0.144556826,43500
437,1.386910877,0.025342634,0.072102686,0.144205373,43600
438,1.390285213,0.025393074,0.071927687,0.143855374,43700
439,1.393661965,0.025443493,0.071753411,0.143506822,43800
440,1.397041133,0.025493889,0.071579854,0.143159707,43900
441,1.40042272,0.025544264,0.071407011,0.142814021,44000
442,1.403806727,0.025594617,0.071234877,0.142469755,44100
443,1.407193155,0.025644948,0.07106345,0.142126899,44200
444,1.410582007,0.025695258,0.070892723,0.141785447,44300
445,1.413973284,0.025745545,0.070722694,0.141445388,44400
446,1.417366989,0.025795812,0.070553358,0.141106715,44500
447,1.420763122,0.025846056,0.07038471,0.14076942,44600
448,1.424161686,0.02589628,0.070216746,0.140433493,44700
449,1.427562682,0.025946481,0.070049464,0.140098927,44800
450,1.430966112,0.025996662,0.069882857,0.139765714,44900
451,1.434371977,0.02604682,0.069716923,0.139433845,45000
452,1.43778028,0.026096958,0.069551656,0.139103313,45100
453,1.441191023,0.026147074,0.069387054,0.138774109,45200
454,1.444604206,0.026197169,0.069223113,0.138446226,45300
455,1.448019831,0.026247243,0.069059828,0.138119655,45400
456,1.451437901,0.026297295,0.068897195,0.13779439,45500
457,1.454858417,0.026347326,0.068735211,0.137470422,45600
458,1.45828138,0.026397336,0.068573872,0.137147743,45700
459,1.461706793,0.026447325,0.068413173,0.136826346,45800
460,1.465134656,0.026497293,0.068253112,0.136506224,45900
461,1.468564973,0.02654724,0.068093685,0.136187369,46000
462,1.471997743,0.026597167,0.067934887,0.135869774,46100
463,1.47543297,0.026647072,0.067776715,0.13555343,46200
464,1.478870654,0.026696956,0.067619166,0.135238332,46300
465,1.482310798,0.026746819,0.067462235,0.134924471,46400
466,1.485753402,0.026796662,0.06730592,0.134611841,46500
467,1.489198469,0.026846483,0.067150217,0.134300434,46600
468,1.492646,0.026896284,0.066995121,0.133990243,46700
469,1.496095998,0.026946065,0.066840631,0.133681261,46800
470,1.499548462,0.026995824,0.066686741,0.133373482,46900
471,1.503003396,0.027045563,0.066533449,0.133066898,47000
472,1.506460801,0.027095282,0.066380751,0.132761503,47100
473,1.509920678,0.027144979,0.066228645,0.132457289,47200
474,1.513383029,0.027194657,0.066077125,0.132154251,47300
475,1.516847856,0.027244314,0.06592619,0.13185238,47400
476,1.52031516,0.02729395,0.065775836,0.131551671,47500
477,1.523784943,0.027343566,0.065626059,0.131252117,47600
478,1.527257207,0.027393161,0.065476856,0.130953712,47700
479,1.530731953,0.027442737,0.065328224,0.130656448,47800
480,1.534209182,0.027492292,0.06518016,0.13036032,47900
481,1.537688897,0.027541826,0.065032661,0.130065321,48000
482,1.541171098,0.027591341,0.064885722,0.129771445,48100
483,1.544655788,0.027640835,0.064739342,0.129478685,48200
484,1.548142969,0.027690309,0.064593518,0.129187035,48300
485,1.55163264,0.027739763,0.064448245,0.128896489,48400
486,1.555124805,0.027789197,0.064303521,0.128607041,48500
487,1.558619465,0.027838611,0.064159342,0.128318685,48600
488,1.562116622,0.027888004,0.064015707,0.128031414,48700
489,1.565616276,0.027937378,0.063872611,0.127745223,48800
490,1.56911843,0.027986732,0.063730053,0.127460105,48900
491,1.572623085,0.028036066,0.063588028,0.127176055,49000
492,1.576130242,0.02808538,0.063446533,0.126893067,49100
493,1.579639904,0.028134674,0.063305567,0.126611134,49200
494,1.583152072,0.028183949,0.063165126,0.126330252,49300
495,1.586666746,0.028233203,0.063025207,0.126050414,49400
496,1.59018393,0.028282438,0.062885807,0.125771614,49500
497,1.593703624,0.028331653,0.062746924,0.125493848,49600
498,1.597225831,0.028380849,0.062608554,0.125217108,49700
499,1.60075055,0.028430025,0.062470695,0.124941391,49800
500,1.604277785,0.028479181,0.062333345,0.124666689,49900
501,1.607807537,0.028528318,0.062196499,0.124392998,50000
502,1.611339806,0.028577435,0.062060156,0.124120312,50100
503,1.614874595,0.028626532,0.061924313,0.123848626,50200
504,1.618411905,0.02867561,0.061788967,0.123577934,50300
505,1.621951738,0.028724669,0.061654116,0.123308231,50400
506,1.625494096,0.028773708,0.061519756,0.123039512,50500
507,1.629038979,0.028822728,0.061385885,0.122771771,50600
508,1.632586389,0.028871729,0.061252501,0.122505003,50700
509,1.636136328,0.02892071,0.061119601,0.122239203,50800
510,1.639688797,0.028969672,0.060987183,0.121974365,50900
511,1.643243798,0.029018615,0.060855243,0.121710485,51000
512,1.646801332,0.029067538,0.060723779,0.121447558,51100
513,1.650361401,0.029116443,0.060592789,0.121185578,51200
514,1.653924007,0.029165328,0.06046227,0.12092454,51300
515,1.65748915,0.029214194,0.06033222,0.12066444,51400
516,1.661056832,0.029263041,0.060202636,0.120405272,51500
517,1.664627056,0.029311869,0.060073516,0.120147032,51600
518,1.668199821,0.029360677,0.059944857,0.119889714,51700
519,1.67177513,0.029409467,0.059816657,0.119633315,51800
520,1.675352985,0.029458238,0.059688914,0.119377828,51900
521,1.678933386,0.02950699,0.059561625,0.119123249,52000
522,1.682516335,0.029555723,0.059434787,0.118869574,52100
523,1.686101834,0.029604437,0.059308399,0.118616798,52200
524,1.689689885,0.029653133,0.059182458,0.118364915,52300
525,1.693280487,0.029701809,0.059056961,0.118113922,52400
526,1.696873644,0.029750467,0.058931907,0.117863814,52500
527,1.700469357,0.029799106,0.058807293,0.117614586,52600
528,1.704067626,0.029847726,0.058683117,0.117366234,52700
529,1.707668454,0.029896328,0.058559377,0.117118753,52800
530,1.711271842,0.029944911,0.058436069,0.116872139,52900
531,1.714877792,0.029993475,0.058313193,0.116626386,53000
532,1.718486304,0.030042021,0.058190746,0.116381492,53100
533,1.722097381,0.030090548,0.058068725,0.116137451,53200
534,1.725711023,0.030139057,0.057947129,0.115894259,53300
535,1.729327233,0.030187547,0.057825956,0.115651911,53400
536,1.732946011,0.030236019,0.057705202,0.115410404,53500
537,1.73656736,0.030284472,0.057584867,0.115169733,53600
538,1.74019128,0.030332907,0.057464947,0.114929894,53700
539,1.743817773,0.030381323,0.057345441,0.114690883,53800
540,1.74744684,0.030429721,0.057226347,0.114452695,53900
541,1.751078484,0.030478101,0.057107663,0.114215326,54000
542,1.754712705,0.030526463,0.056989386,0.113978772,54100
543,1.758349504,0.030574806,0.056871515,0.11374303,54200
544,1.761988884,0.030623131,0.056754047,0.113508094,54300
545,1.765630845,0.030671438,0.056636981,0.113273961,54400
546,1.76927539,0.030719726,0.056520314,0.113040627,54500
547,1.772922519,0.030767996,0.056404044,0.112808088,54600
548,1.776572234,0.030816249,0.05628817,0.11257634,54700
549,1.780224536,0.030864483,0.056172689,0.112345379,54800
550,1.783879427,0.030912699,0.0560576,0.112115201,54900
551,1.787536908,0.030960897,0.055942901,0.111885802,55000
552,1.791196981,0.031009077,0.055828589,0.111657178,55100
553,1.794859647,0.031057239,0.055714663,0.111429326,55200
554,1.798524907,0.031105383,0.05560112,0.111202241,55300
555,1.802192764,0.031153509,0.05548796,0.11097592,55400
556,1.805863217,0.031201618,0.05537518,0.110750359,55500
557,1.809536269,0.031249708,0.055262777,0.110525555,55600
558,1.813211921,0.031297781,0.055150751,0.110301503,55700
559,1.816890175,0.031345835,0.0550391,0.1100782,55800
560,1.820571032,0.031393872,0.054927821,0.109855642,55900
561,1.824254493,0.031441892,0.054816913,0.109633826,56000
562,1.827940559,0.031489893,0.054706374,0.109412748,56100
563,1.831629233,0.031537877,0.054596202,0.109192404,56200
564,1.835320516,0.031585843,0.054486396,0.108972792,56300
565,1.839014408,0.031633791,0.054376953,0.108753906,56400
566,1.842710911,0.031681722,0.054267872,0.108535744,56500
567,1.846410027,0.031729635,0.054159151,0.108318303,56600
568,1.850111758,0.031777531,0.054050789,0.108101578,56700
569,1.853816103,0.031825409,0.053942783,0.107885566,56800
570,1.857523066,0.03187327,0.053835132,0.107670265,56900
571,1.861232647,0.031921113,0.053727835,0.107455669,57000
572,1.864944847,0.031968938,0.053620889,0.107241777,57100
573,1.868659669,0.032016746,0.053514292,0.107028585,57200
574,1.872377113,0.032064537,0.053408044,0.106816089,57300
575,1.876097181,0.032112311,0.053302143,0.106604286,57400
576,1.879819874,0.032160067,0.053196586,0.106393172,57500
577,1.883545193,0.032207805,0.053091373,0.106182746,57600
578,1.887273141,0.032255527,0.052986501,0.105973002,57700
579,1.891003717,0.032303231,0.052881969,0.105763938,57800
580,1.894736925,0.032350917,0.052777775,0.105555551,57900
581,1.898472764,0.032398587,0.052673919,0.105347837,58000
582,1.902211237,0.032446239,0.052570397,0.105140794,58100
583,1.905952345,0.032493875,0.052467209,0.104934418,58200
584,1.909696089,0.032541493,0.052364353,0.104728706,58300
585,1.91344247,0.032589094,0.052261827,0.104523655,58400
586,1.917191491,0.032636677,0.052159631,0.104319261,58500
587,1.920943151,0.032684244,0.052057761,0.104115523,58600
588,1.924697454,0.032731794,0.051956218,0.103912435,58700
589,1.928454399,0.032779327,0.051854999,0.103709997,58800
590,1.932213989,0.032826842,0.051754102,0.103508204,58900
591,1.935976224,0.032874341,0.051653527,0.103307054,59000
592,1.939741106,0.032921823,0.051553272,0.103106543,59100
593,1.943508637,0.032969288,0.051453334,0.102906669,59200
594,1.947278818,0.033016735,0.051353714,0.102707429,59300
595,1.95105165,0.033064166,0.051254409,0.102508819,59400
596,1.954827135,0.033111581,0.051155418,0.102310837,59500
597,1.958605273,0.033158978,0.05105674,0.10211348,59600
598,1.962386066,0.033206359,0.050958372,0.101916745,59700
599,1.966169517,0.033253722,0.050860315,0.101720629,59800
600,1.969955625,0.033301069,0.050762565,0.10152513,59900
601,1.973744392,0.0333484,0.050665122,0.101330244,60000
602,1.97753582,0.033395713,0.050567984,0.101135968,60100
603,1.98132991,0.03344301,0.05047115,0.100942301,60200
604,1.985126663,0.03349029,0.050374619,0.100749239,60300
605,1.988926081,0.033537554,0.050278389,0.100556779,60400
606,1.992728165,0.033584801,0.050182459,0.100364919,60500
607,1.996532917,0.033632031,0.050086828,0.100173655,60600
608,2.000340337,0.033679245,0.049991493,0.099982986,60700
609,2.004150427,0.033726443,0.049896454,0.099792908,60800
610,2.007963188,0.033773623,0.04980171,0.09960342,60900
611,2.011778622,0.033820788,0.049707258,0.099414517,61000
612,2.015596731,0.033867936,0.049613099,0.099226198,61100
613,2.019417514,0.033915067,0.04951923,0.09903846,61200
614,2.023240975,0.033962182,0.04942565,0.0988513,61300
615,2.027067113,0.034009281,0.049332358,0.098664715,61400
616,2.030895931,0.034056363,0.049239352,0.098478704,61500
617,2.03472743,0.034103429,0.049146632,0.098293264,61600
618,2.03856161,0.034150478,0.049054196,0.098108391,61700
619,2.042398475,0.034197511,0.048962042,0.097924084,61800
620,2.046238023,0.034244528,0.04887017,0.09774034,61900
621,2.050080258,0.034291529,0.048778578,0.097557156,62000
622,2.053925181,0.034338514,0.048687265,0.09737453,62100
623,2.057772792,0.034385482,0.04859623,0.09719246,62200
624,2.061623093,0.034432434,0.048505471,0.097010943,62300
625,2.065476085,0.03447937,0.048414988,0.096829976,62400
626,2.06933177,0.03452629,0.048324779,0.096649558,62500
627,2.07319015,0.034573193,0.048234842,0.096469685,62600
628,2.077051224,0.034620081,0.048145178,0.096290355,62700
629,2.080914995,0.034666952,0.048055783,0.096111567,62800
630,2.084781465,0.034713808,0.047966658,0.095933316,62900
631,2.088650633,0.034760647,0.047877801,0.095755603,63000
632,2.092522502,0.03480747,0.047789211,0.095578423,63100
633,2.096397074,0.034854278,0.047700887,0.095401774,63200
634,2.100274348,0.034901069,0.047612827,0.095225655,63300
635,2.104154327,0.034947845,0.047525031,0.095050062,63400
636,2.108037012,0.034994604,0.047437497,0.094874995,63500
637,2.111922404,0.035041348,0.047350225,0.094700449,63600
638,2.115810505,0.035088076,0.047263212,0.094526424,63700
639,2.119701315,0.035134787,0.047176458,0.094352916,63800
640,2.123594837,0.035181484,0.047089962,0.094179924,63900
641,2.127491072,0.035228164,0.047003723,0.094007445,64000
642,2.13139002,0.035274828,0.046917739,0.093835477,64100
643,2.135291683,0.035321477,0.046832009,0.093664019,64200
644,2.139196062,0.03536811,0.046746533,0.093493067,64300
645,2.14310316,0.035414727,0.04666131,0.093322619,64400
646,2.147012976,0.035461329,0.046576337,0.093152674,64500
647,2.150925513,0.035507915,0.046491615,0.092983229,64600
648,2.154840772,0.035554485,0.046407141,0.092814282,64700
649,2.158758753,0.035601039,0.046322916,0.092645832,64800
650,2.162679459,0.035647578,0.046238937,0.092477875,64900
651,2.16660289,0.035694102,0.046155205,0.092310409,65000
652,2.170529048,0.035740609,0.046071717,0.092143434,65100
653,2.174457935,0.035787102,0.045988473,0.091976946,65200
654,2.178389551,0.035833578,0.045905472,0.091810944,65300
655,2.182323898,0.035880039,0.045822712,0.091645425,65400
656,2.186260977,0.035926485,0.045740193,0.091480387,65500
657,2.190200789,0.035972915,0.045657914,0.091315829,65600
658,2.194143336,0.03601933,0.045575874,0.091151748,65700
659,2.198088619,0.036065729,0.045494071,0.090988142,65800
660,2.20203664,0.036112113,0.045412505,0.09082501,65900
661,2.205987399,0.036158482,0.045331175,0.090662349,66000
662,2.209940898,0.036204835,0.045250079,0.090500158,66100
663,2.213897138,0.036251173,0.045169217,0.090338434,66200
664,2.217856121,0.036297495,0.045088588,0.090177175,66300
665,2.221817847,0.036343802,0.04500819,0.09001638,66400
666,2.225782319,0.036390094,0.044928023,0.089856047,66500
667,2.229749537,0.036436371,0.044848086,0.089696173,66600
668,2.233719503,0.036482632,0.044768378,0.089536757,66700
669,2.237692218,0.036528878,0.044688898,0.089377797,66800
670,2.241667684,0.036575109,0.044609645,0.08921929,66900
671,2.2456459,0.036621325,0.044530618,0.089061236,67000
672,2.24962687,0.036667526,0.044451816,0.088903632,67100
673,2.253610594,0.036713711,0.044373238,0.088746477,67200
674,2.257597074,0.036759881,0.044294884,0.088589768,67300
675,2.26158631,0.036806037,0.044216752,0.088433503,67400
676,2.265578304,0.036852177,0.044138841,0.088277682,67500
677,2.269573058,0.036898302,0.04406115,0.088122301,67600
678,2.273570573,0.036944412,0.04398368,0.08796736,67700
679,2.277570849,0.036990507,0.043906428,0.087812856,67800
680,2.281573889,0.037036587,0.043829394,0.087658787,67900
681,2.285579693,0.037082652,0.043752576,0.087505153,68000
682,2.289588263,0.037128702,0.043675975,0.08735195,68100
683,2.2935996,0.037174737,0.043599589,0.087199178,68200
684,2.297613706,0.037220757,0.043523417,0.087046835,68300
685,2.301630581,0.037266762,0.043447459,0.086894918,68400
686,2.305650227,0.037312752,0.043371713,0.086743426,68500
687,2.309672646,0.037358728,0.043296179,0.086592358,68600
688,2.313697838,0.037404688,0.043220856,0.086441711,68700
689,2.317725805,0.037450634,0.043145742,0.086291484,68800
690,2.321756548,0.037496565,0.043070838,0.086141676,68900
691,2.325790069,0.037542481,0.042996142,0.085992284,69000
692,2.329826368,0.037588383,0.042921653,0.085843307,69100
693,2.333865448,0.037634269,0.042847372,0.085694743,69200
694,2.337907308,0.037680141,0.042773295,0.085546591,69300
695,2.341951952,0.037725998,0.042699424,0.085398849,69400
696,2.345999379,0.037771841,0.042625757,0.085251514,69500
697,2.350049591,0.037817668,0.042552294,0.085104587,69600
698,2.35410259,0.037863482,0.042479032,0.084958065,69700
699,2.358158376,0.03790928,0.042405973,0.084811946,69800
700,2.362216951,0.037955064,0.042333114,0.084666228,69900
701,2.366278317,0.038000833,0.042260456,0.084520911,70000
702,2.370342474,0.038046588,0.042187996,0.084375993,70100
703,2.374409424,0.038092328,0.042115736,0.084231472,70200
704,2.378479169,0.038138053,0.042043673,0.084087346,70300
705,2.382551708,0.038183764,0.041971807,0.083943614,70400
706,2.386627045,0.038229461,0.041900137,0.083800274,70500
707,2.390705179,0.038275143,0.041828662,0.083657325,70600
708,2.394786113,0.03832081,0.041757383,0.083514765,70700
709,2.398869847,0.038366463,0.041686297,0.083372593,70800
710,2.402956383,0.038412102,0.041615404,0.083230807,70900
711,2.407045722,0.038457726,0.041544703,0.083089406,71000
712,2.411137865,0.038503336,0.041474194,0.082948388,71100
713,2.415232814,0.038548931,0.041403876,0.082807752,71200
714,2.41933057,0.038594512,0.041333748,0.082667496,71300
715,2.423431134,0.038640079,0.041263809,0.082527618,71400
716,2.427534508,0.038685631,0.041194059,0.082388118,71500
717,2.431640693,0.038731169,0.041124497,0.082248994,71600
718,2.435749689,0.038776692,0.041055122,0.082110243,71700
719,2.439861499,0.038822202,0.040985933,0.081971866,71800
720,2.443976123,0.038867697,0.04091693,0.08183386,71900
721,2.448093564,0.038913178,0.040848112,0.081696224,72000
722,2.452213821,0.038958644,0.040779478,0.081558956,72100
723,2.456336897,0.039004097,0.040711028,0.081422056,72200
724,2.460462793,0.039049535,0.04064276,0.081285521,72300
725,2.46459151,0.039094959,0.040574675,0.08114935,72400
726,2.468723049,0.039140369,0.040506771,0.081013543,72500
727,2.472857411,0.039185765,0.040439048,0.080878096,72600
728,2.476994599,0.039231146,0.040371505,0.08074301,72700
729,2.481134612,0.039276514,0.040304141,0.080608283,72800
730,2.485277453,0.039321867,0.040236956,0.080473912,72900
731,2.489423122,0.039367207,0.040169949,0.080339898,73000
732,2.493571622,0.039412532,0.040103119,0.080206238,73100
733,2.497722952,0.039457843,0.040036466,0.080072932,73200
734,2.501877115,0.03950314,0.039969989,0.079939977,73300
735,2.506034112,0.039548424,0.039903687,0.079807373,73400
736,2.510193944,0.039593693,0.039837559,0.079675119,73500
737,2.514356612,0.039638948,0.039771606,0.079543212,73600
738,2.518522118,0.039684189,0.039705826,0.079411651,73700
739,2.522690462,0.039729417,0.039640218,0.079280436,73800
740,2.526861647,0.03977463,0.039574782,0.079149565,73900
741,2.531035673,0.03981983,0.039509518,0.079019036,74000
742,2.535212542,0.039865016,0.039444425,0.078888849,74100
743,2.539392254,0.039910187,0.039379501,0.078759002,74200
744,2.543574812,0.039955345,0.039314747,0.078629494,74300
745,2.547760217,0.040000489,0.039250162,0.078500323,74400
746,2.551948469,0.04004562,0.039185744,0.078371488,74500
747,2.55613957,0.040090736,0.039121494,0.078242989,74600
748,2.560333522,0.040135839,0.039057412,0.078114823,74700
749,2.564530325,0.040180928,0.038993495,0.07798699,74800
750,2.56872998,0.040226003,0.038929744,0.077859488,74900
751,2.57293249,0.040271064,0.038866158,0.077732315,75000
752,2.577137856,0.040316112,0.038802736,0.077605472,75100
753,2.581346078,0.040361146,0.038739478,0.077478956,75200
754,2.585557158,0.040406166,0.038676383,0.077352767,75300
755,2.589771097,0.040451173,0.038613451,0.077226902,75400
756,2.593987897,0.040496166,0.038550681,0.077101362,75500
757,2.598207558,0.040541145,0.038488072,0.076976144,75600
758,2.602430083,0.040586111,0.038425624,0.076851248,75700
759,2.606655472,0.040631063,0.038363336,0.076726672,75800
760,2.610883726,0.040676002,0.038301208,0.076602415,75900
761,2.615114847,0.040720927,0.038239238,0.076478477,76000
762,2.619348837,0.040765838,0.038177427,0.076354855,76100
763,2.623585695,0.040810736,0.038115774,0.076231548,76200
764,2.627825425,0.04085562,0.038054278,0.076108557,76300
765,2.632068026,0.040900491,0.037992939,0.075985878,76400
766,2.6363135,0.040945348,0.037931756,0.075863512,76500
767,2.640561849,0.040990192,0.037870728,0.075741456,76600
768,2.644813074,0.041035023,0.037809855,0.075619711,76700
769,2.649067176,0.041079839,0.037749137,0.075498274,76800
770,2.653324155,0.041124643,0.037688573,0.075377145,76900
771,2.657584015,0.041169433,0.037628161,0.075256323,77000
772,2.661846755,0.04121421,0.037567903,0.075135805,77100
773,2.666112378,0.041258973,0.037507796,0.075015593,77200
774,2.670380883,0.041303723,0.037447841,0.074895683,77300
775,2.674652274,0.041348459,0.037388038,0.074776075,77400
776,2.67892655,0.041393183,0.037328384,0.074656769,77500
777,2.683203713,0.041437892,0.037268881,0.074537762,77600
778,2.687483765,0.041482589,0.037209527,0.074419054,77700
779,2.691766707,0.041527272,0.037150322,0.074300644,77800
780,2.696052539,0.041571942,0.037091265,0.074182531,77900
781,2.700341264,0.041616599,0.037032356,0.074064713,78000
782,2.704632883,0.041661243,0.036973595,0.073947189,78100
783,2.708927396,0.041705873,0.03691498,0.07382996,78200
784,2.713224805,0.04175049,0.036856511,0.073713022,78300
785,2.717525111,0.041795094,0.036798188,0.073596376,78400
786,2.721828317,0.041839684,0.03674001,0.07348002,78500
787,2.726134422,0.041884262,0.036681977,0.073363954,78600
788,2.730443428,0.041928826,0.036624088,0.073248176,78700
789,2.734755336,0.041973377,0.036566342,0.073132685,78800
790,2.739070148,0.042017915,0.03650874,0.07301748,78900
791,2.743387866,0.04206244,0.03645128,0.072902561,79000
792,2.747708489,0.042106952,0.036393963,0.072787925,79100
793,2.75203202,0.042151451,0.036336787,0.072673573,79200
794,2.756358459,0.042195937,0.036279752,0.072559503,79300
795,2.760687809,0.042240409,0.036222857,0.072445714,79400
796,2.76502007,0.042284869,0.036166103,0.072332206,79500
797,2.769355244,0.042329315,0.036109488,0.072218976,79600
798,2.773693331,0.042373749,0.036053012,0.072106025,79700
799,2.778034334,0.04241817,0.035996675,0.071993351,79800
800,2.782378252,0.042462577,0.035940476,0.071880953,79900
801,2.786725089,0.042506972,0.035884415,0.07176883,80000
802,2.791074844,0.042551354,0.035828491,0.071656982,80100
803,2.79542752,0.042595722,0.035772704,0.071545407,80200
804,2.799783117,0.042640078,0.035717052,0.071434105,80300
805,2.804141637,0.042684421,0.035661537,0.071323073,80400
806,2.808503081,0.042728751,0.035606156,0.071212313,80500
807,2.81286745,0.042773068,0.035550911,0.071101822,80600
808,2.817234746,0.042817373,0.0354958,0.070991599,80700
809,2.821604969,0.042861664,0.035440822,0.070881644,80800
810,2.825978122,0.042905943,0.035385978,0.070771956,80900
811,2.830354205,0.042950208,0.035331267,0.070662534,81000
812,2.834733219,0.042994461,0.035276688,0.070553376,81100
813,2.839115167,0.043038702,0.035222241,0.070444483,81200
814,2.843500048,0.043082929,0.035167926,0.070335853,81300
815,2.847887865,0.043127144,0.035113742,0.070227484,81400
816,2.852278619,0.043171346,0.035059689,0.070119377,81500
817,2.856672311,0.043215535,0.035005765,0.07001153,81600
818,2.861068942,0.043259711,0.034951971,0.069903943,81700
819,2.865468513,0.043303875,0.034898307,0.069796614,81800
820,2.869871027,0.043348026,0.034844771,0.069689543,81900
821,2.874276483,0.043392164,0.034791364,0.069582728,82000
822,2.878684884,0.04343629,0.034738085,0.06947617,82100
823,2.88309623,0.043480403,0.034684933,0.069369866,82200
824,2.887510524,0.043524504,0.034631908,0.069263817,82300
825,2.891927765,0.043568591,0.03457901,0.069158021,82400
826,2.896347956,0.043612666,0.034526238,0.069052477,82500
827,2.900771097,0.043656729,0.034473592,0.068947184,82600
828,2.905197191,0.043700779,0.034421071,0.068842143,82700
829,2.909626238,0.043744817,0.034368676,0.068737351,82800
830,2.914058239,0.043788841,0.034316404,0.068632808,82900
831,2.918493196,0.043832854,0.034264257,0.068528513,83000
832,2.92293111,0.043876854,0.034212233,0.068424466,83100
833,2.927371982,0.043920841,0.034160332,0.068320665,83200
834,2.931815814,0.043964816,0.034108555,0.068217109,83300
835,2.936262607,0.044008778,0.034056899,0.068113799,83400
836,2.940712362,0.044052728,0.034005366,0.068010732,83500
837,2.945165081,0.044096665,0.033953954,0.067907908,83600
838,2.949620764,0.04414059,0.033902663,0.067805327,83700
839,2.954079413,0.044184503,0.033851493,0.067702987,83800
840,2.95854103,0.044228403,0.033800444,0.067600888,83900
841,2.963005615,0.044272291,0.033749514,0.067499028,84000
842,2.967473169,0.044316166,0.033698704,0.067397408,84100
843,2.971943695,0.044360029,0.033648013,0.067296026,84200
844,2.976417193,0.044403879,0.033597441,0.067194881,84300
845,2.980893665,0.044447718,0.033546987,0.067093973,84400
846,2.985373112,0.044491543,0.033496651,0.066993301,84500
847,2.989855535,0.044535357,0.033446432,0.066892864,84600
848,2.994340935,0.044579158,0.033396331,0.066792661,84700
849,2.998829314,0.044622947,0.033346346,0.066692692,84800
850,3.003320673,0.044666724,0.033296478,0.066592956,84900
851,3.007815013,0.044710488,0.033246725,0.066493451,85000
852,3.012312336,0.04475424,0.033197089,0.066394178,85100
853,3.016812642,0.04479798,0.033147567,0.066295135,85200
854,3.021315934,0.044841708,0.033098161,0.066196321,85300
855,3.025822212,0.044885423,0.033048868,0.066097737,85400
856,3.030331477,0.044929126,0.03299969,0.06599938,85500
857,3.034843732,0.044972817,0.032950626,0.065901251,85600
858,3.039358977,0.045016496,0.032901675,0.065803349,85700
859,3.043877213,0.045060163,0.032852836,0.065705673,85800
860,3.048398442,0.045103817,0.032804111,0.065608221,85900
861,3.052922665,0.04514746,0.032755497,0.065510995,86000
862,3.057449883,0.04519109,0.032706996,0.065413991,86100
863,3.061980098,0.045234708,0.032658605,0.065317211,86200
864,3.066513311,0.045278314,0.032610326,0.065220653,86300
865,3.071049522,0.045321908,0.032562158,0.065124316,86400
866,3.075588735,0.04536549,0.0325141,0.0650282,86500
867,3.080130949,0.04540906,0.032466152,0.064932304,86600
868,3.084676165,0.045452617,0.032418314,0.064836628,86700
869,3.089224387,0.045496163,0.032370585,0.06474117,86800
870,3.093775613,0.045539697,0.032322965,0.064645929,86900
871,3.098329847,0.045583218,0.032275453,0.064550906,87000
872,3.102887088,0.045626728,0.03222805,0.0644561,87100
873,3.107447339,0.045670226,0.032180755,0.064361509,87200
874,3.1120106,0.045713711,0.032133567,0.064267133,87300
875,3.116576874,0.045757185,0.032086486,0.064172972,87400
876,3.12114616,0.045800647,0.032039512,0.064079024,87500
877,3.125718461,0.045844096,0.031992645,0.063985289,87600
878,3.130293778,0.045887534,0.031945883,0.063891767,87700
879,3.134872112,0.04593096,0.031899228,0.063798456,87800
880,3.139453464,0.045974374,0.031852678,0.063705356,87900
881,3.144037835,0.046017777,0.031806233,0.063612466,88000
882,3.148625228,0.046061167,0.031759893,0.063519786,88100
883,3.153215643,0.046104545,0.031713657,0.063427314,88200
884,3.157809081,0.046147912,0.031667526,0.063335051,88300
885,3.162405544,0.046191267,0.031621498,0.063242996,88400
886,3.167005032,0.046234609,0.031575573,0.063151147,88500
887,3.171607549,0.04627794,0.031529752,0.063059504,88600
888,3.176213093,0.04632126,0.031484034,0.062968067,88700
889,3.180821668,0.046364567,0.031438418,0.062876835,88800
890,3.185433273,0.046407863,0.031392904,0.062785807,88900
891,3.190047911,0.046451147,0.031347492,0.062694983,89000
892,3.194665583,0.046494419,0.031302181,0.062604362,89100
893,3.199286289,0.046537679,0.031256971,0.062513943,89200
894,3.203910032,0.046580928,0.031211863,0.062423725,89300
895,3.208536813,0.046624165,0.031166855,0.062333709,89400
896,3.213166632,0.04666739,0.031121946,0.062243893,89500
897,3.217799491,0.046710604,0.031077138,0.062154277,89600
898,3.222435392,0.046753806,0.03103243,0.06206486,89700
899,3.227074335,0.046796996,0.03098782,0.061975641,89800
900,3.231716322,0.046840174,0.03094331,0.06188662,89900
901,3.236361355,0.046883341,0.030898898,0.061797796,90000
902,3.241009434,0.046926497,0.030854585,0.061709169,90100
903,3.245660561,0.04696964,0.030810369,0.061620738,90200
904,3.250314737,0.047012772,0.030766251,0.061532503,90300
905,3.254971963,0.047055893,0.030722231,0.061444462,90400
906,3.259632241,0.047099001,0.030678307,0.061356615,90500
907,3.264295572,0.047142099,0.030634481,0.061268962,90600
908,3.268961957,0.047185184,0.030590751,0.061181501,90700
909,3.273631398,0.047228258,0.030547117,0.061094233,90800
910,3.278303895,0.047271321,0.030503578,0.061007157,90900
911,3.282979451,0.047314372,0.030460136,0.060920272,91000
912,3.287658065,0.047357411,0.030416788,0.060833577,91100
913,3.292339741,0.047400439,0.030373536,0.060747072,91200
914,3.297024478,0.047443456,0.030330378,0.060660757,91300
915,3.301712279,0.047486461,0.030287315,0.06057463,91400
916,3.306403144,0.047529454,0.030244346,0.060488692,91500
917,3.311097076,0.047572437,0.03020147,0.060402941,91600
918,3.315794074,0.047615407,0.030158688,0.060317377,91700
919,3.32049414,0.047658366,0.030116,0.060231999,91800
920,3.325197277,0.047701314,0.030073404,0.060146807,91900
921,3.329903484,0.04774425,0.0300309,0.060061801,92000
922,3.334612763,0.047787175,0.02998849,0.059976979,92100
923,3.339325116,0.047830089,0.029946171,0.059892341,92200
924,3.344040544,0.047872991,0.029903944,0.059807887,92300
925,3.348759048,0.047915882,0.029861808,0.059723616,92400
926,3.35348063,0.047958761,0.029819764,0.059639527,92500
927,3.35820529,0.048001629,0.02977781,0.059555621,92600
928,3.36293303,0.048044486,0.029735947,0.059471895,92700
929,3.367663851,0.048087331,0.029694175,0.05938835,92800
930,3.372397755,0.048130165,0.029652493,0.059304986,92900
931,3.377134743,0.048172988,0.0296109,0.0592218,93000
932,3.381874816,0.0482158,0.029569397,0.059138795,93100
933,3.386617976,0.0482586,0.029527984,0.059055967,93200
934,3.391364223,0.048301389,0.029486659,0.058973318,93300
935,3.396113559,0.048344166,0.029445423,0.058890846,93400
936,3.400865986,0.048386933,0.029404275,0.058808551,93500
937,3.405621504,0.048429688,0.029363216,0.058726432,93600
938,3.410380115,0.048472432,0.029322245,0.058644489,93700
939,3.415141821,0.048515165,0.029281361,0.058562722,93800
940,3.419906622,0.048557886,0.029240564,0.058481129,93900
941,3.424674519,0.048600596,0.029199855,0.05839971,94000
942,3.429445515,0.048643296,0.029159233,0.058318466,94100
943,3.434219611,0.048685984,0.029118697,0.058237394,94200
944,3.438996807,0.04872866,0.029078247,0.058156495,94300
945,3.443777104,0.048771326,0.029037884,0.058075768,94400
946,3.448560506,0.04881398,0.028997606,0.057995213,94500
947,3.453347011,0.048856624,0.028957414,0.057914829,94600
948,3.458136623,0.048899256,0.028917307,0.057834615,94700
949,3.462929342,0.048941877,0.028877286,0.057754571,94800
950,3.467725169,0.048984487,0.028837349,0.057674697,94900
951,3.472524106,0.049027086,0.028797496,0.057594993,95000
952,3.477326155,0.049069674,0.028757728,0.057515456,95100
953,3.482131315,0.049112251,0.028718044,0.057436088,95200
954,3.486939589,0.049154817,0.028678443,0.057356887,95300
955,3.491750979,0.049197371,0.028638927,0.057277853,95400
956,3.496565484,0.049239915,0.028599493,0.057198986,95500
957,3.501383107,0.049282448,0.028560142,0.057120285,95600
958,3.506203849,0.049324969,0.028520875,0.057041749,95700
959,3.511027711,0.04936748,0.028481689,0.056963378,95800
960,3.515854694,0.04940998,0.028442586,0.056885172,95900
961,3.520684801,0.049452468,0.028403565,0.05680713,96000
962,3.525518031,0.049494946,0.028364626,0.056729252,96100
963,3.530354387,0.049537413,0.028325768,0.056651536,96200
964,3.535193869,0.049579869,0.028286992,0.056573984,96300
965,3.540036479,0.049622313,0.028248296,0.056496593,96400
966,3.544882219,0.049664747,0.028209682,0.056419364,96500
967,3.549731089,0.04970717,0.028171148,0.056342296,96600
968,3.554583091,0.049749583,0.028132694,0.056265389,96700
969,3.559438226,0.049791984,0.028094321,0.056188642,96800
970,3.564296496,0.049834374,0.028056027,0.056112055,96900
971,3.569157901,0.049876754,0.028017813,0.056035627,97000
972,3.574022444,0.049919122,0.027979679,0.055959358,97100
973,3.578890125,0.04996148,0.027941623,0.055883247,97200
974,3.583760946,0.050003827,0.027903647,0.055807294,97300
975,3.588634907,0.050046163,0.027865749,0.055731498,97400
976,3.593512011,0.050088488,0.02782793,0.05565586,97500
977,3.598392259,0.050130802,0.027790189,0.055580377,97600
978,3.603275651,0.050173106,0.027752526,0.055505051,97700
979,3.60816219,0.050215399,0.02771494,0.055429881,97800
980,3.613051876,0.050257681,0.027677433,0.055354865,97900
981,3.617944711,0.050299952,0.027640002,0.055280005,98000
982,3.622840697,0.050342212,0.027602649,0.055205298,98100
983,3.627739833,0.050384462,0.027565373,0.055130745,98200
984,3.632642123,0.050426701,0.027528173,0.055056346,98300
985,3.637547566,0.050468929,0.027491049,0.054982099,98400
986,3.642456165,0.050511147,0.027454002,0.054908005,98500
987,3.647367921,0.050553354,0.027417031,0.054834062,98600
988,3.652282834,0.05059555,0.027380136,0.054760272,98700
989,3.657200907,0.050637735,0.027343316,0.054686632,98800
990,3.662122141,0.05067991,0.027306571,0.054613143,98900
991,3.667046536,0.050722074,0.027269902,0.054539804,99000
992,3.671974095,0.050764227,0.027233308,0.054466615,99100
993,3.676904818,0.05080637,0.027196788,0.054393576,99200
994,3.681838707,0.050848502,0.027160342,0.054320685,99300
995,3.686775763,0.050890624,0.027123971,0.054247943,99400
996,3.691715988,0.050932735,0.027087674,0.054175348,99500
997,3.696659382,0.050974835,0.027051451,0.054102902,99600
998,3.701605948,0.051016924,0.027015301,0.054030603,99700
999,3.706555686,0.051059003,0.026979225,0.05395845,99800
1000,3.711508597,0.051101072,0.026943222,0.053886444,99900
1001,3.716464684,0.05114313,0.026907292,0.053814584,1.00E+05
1002,3.721423947,0.051185177,0.026871435,0.053742869,100100
1003,3.726386388,0.051227214,0.02683565,0.0536713,100200
1004,3.731352008,0.05126924,0.026799937,0.053599875,100300
1005,3.736320808,0.051311256,0.026764297,0.053528594,100400
1006,3.74129279,0.051353261,0.026728729,0.053457457,100500
1007,3.746267954,0.051395255,0.026693232,0.053386464,100600
1008,3.751246303,0.051437239,0.026657807,0.053315614,100700
1009,3.756227838,0.051479213,0.026622453,0.053244906,100800
1010,3.761212559,0.051521176,0.026587171,0.053174341,100900
1011,3.766200468,0.051563129,0.026551959,0.053103918,101000
1012,3.771191567,0.051605071,0.026516818,0.053033636,101100
1013,3.776185857,0.051647003,0.026481747,0.052963495,101200
1014,3.781183339,0.051688924,0.026446747,0.052893494,101300
1015,3.786184015,0.051730835,0.026411817,0.052823634,101400
1016,3.791187885,0.051772735,0.026376957,0.052753914,101500
1017,3.796194951,0.051814625,0.026342167,0.052684333,101600
1018,3.801205215,0.051856505,0.026307446,0.052614892,101700
1019,3.806218677,0.051898374,0.026272794,0.052545588,101800
1020,3.81123534,0.051940233,0.026238212,0.052476424,101900
1021,3.816255204,0.051982081,0.026203698,0.052407397,102000
1022,3.821278271,0.052023919,0.026169254,0.052338507,102100
1023,3.826304541,0.052065747,0.026134877,0.052269755,102200
1024,3.831334017,0.052107564,0.02610057,0.052201139,102300
1025,3.8363667,0.052149371,0.02606633,0.05213266,102400
1026,3.841402591,0.052191167,0.026032158,0.052064316,102500
1027,3.846441691,0.052232954,0.025998054,0.051996109,102600
1028,3.851484001,0.05227473,0.025964018,0.051928036,102700
1029,3.856529524,0.052316495,0.025930049,0.051860098,102800
1030,3.86157826,0.052358251,0.025896147,0.051792295,102900
1031,3.86663021,0.052399996,0.025862313,0.051724626,103000
1032,3.871685377,0.052441731,0.025828545,0.05165709,103100
1033,3.87674376,0.052483455,0.025794844,0.051589688,103200
1034,3.881805363,0.052525169,0.025761209,0.051522418,103300
1035,3.886870185,0.052566873,0.025727641,0.051455282,103400
1036,3.891938228,0.052608567,0.025694139,0.051388277,103500
1037,3.897009494,0.052650251,0.025660702,0.051321404,103600
1038,3.902083984,0.052691924,0.025627332,0.051254663,103700
1039,3.907161699,0.052733587,0.025594026,0.051188053,103800
1040,3.912242641,0.05277524,0.025560787,0.051121574,103900
1041,3.91732681,0.052816883,0.025527612,0.051055225,104000
1042,3.922414209,0.052858515,0.025494503,0.050989006,104100
1043,3.927504838,0.052900137,0.025461458,0.050922916,104200
1044,3.932598699,0.05294175,0.025428478,0.050856956,104300
1045,3.937695793,0.052983352,0.025395563,0.050791125,104400
1046,3.942796122,0.053024943,0.025362711,0.050725423,104500
1047,3.947899686,0.053066525,0.025329924,0.050659848,104600
1048,3.953006488,0.053108097,0.025297201,0.050594402,104700
1049,3.958116528,0.053149658,0.025264542,0.050529083,104800
1050,3.963229808,0.053191209,0.025231946,0.050463892,104900
1051,3.96834633,0.053232751,0.025199413,0.050398827,105000
1052,3.973466093,0.053274282,0.025166944,0.050333889,105100
1053,3.978589101,0.053315803,0.025134538,0.050269077,105200
1054,3.983715354,0.053357314,0.025102195,0.05020439,105300
1055,3.988844853,0.053398814,0.025069915,0.050139829,105400
1056,3.9939776,0.053440305,0.025037697,0.050075394,105500
1057,3.999113596,0.053481786,0.025005541,0.050011083,105600
1058,4.004252843,0.053523257,0.024973448,0.049946896,105700
1059,4.009395342,0.053564717,0.024941417,0.049882833,105800
1060,4.014541093,0.053606168,0.024909447,0.049818895,105900
1061,4.0196901,0.053647609,0.02487754,0.049755079,106000
1062,4.024842362,0.053689039,0.024845694,0.049691387,106100
1063,4.029997881,0.05373046,0.024813909,0.049627818,106200
1064,4.035156659,0.05377187,0.024782185,0.049564371,106300
1065,4.040318696,0.053813271,0.024750523,0.049501046,106400
1066,4.045483995,0.053854662,0.024718921,0.049437842,106500
1067,4.050652556,0.053896042,0.02468738,0.049374761,106600
1068,4.055824382,0.053937413,0.0246559,0.0493118,106700
1069,4.060999472,0.053978774,0.02462448,0.04924896,106800
1070,4.066177829,0.054020125,0.02459312,0.04918624,106900
1071,4.071359454,0.054061466,0.02456182,0.049123641,107000
1072,4.076544348,0.054102797,0.024530581,0.049061161,107100
1073,4.081732512,0.054144118,0.024499401,0.048998801,107200
1074,4.086923949,0.054185429,0.02446828,0.04893656,107300
1075,4.092118658,0.05422673,0.024437219,0.048874438,107400
1076,4.097316643,0.054268022,0.024406217,0.048812434,107500
1077,4.102517903,0.054309303,0.024375274,0.048750549,107600
1078,4.10772244,0.054350575,0.024344391,0.048688781,107700
1079,4.112930256,0.054391836,0.024313566,0.048627131,107800
1080,4.118141352,0.054433088,0.024282799,0.048565599,107900
1081,4.12335573,0.05447433,0.024252091,0.048504183,108000
1082,4.12857339,0.054515563,0.024221442,0.048442884,108100
1083,4.133794334,0.054556785,0.02419085,0.048381701,108200
1084,4.139018563,0.054597998,0.024160317,0.048320634,108300
1085,4.144246079,0.0546392,0.024129841,0.048259683,108400
1086,4.149476883,0.054680393,0.024099423,0.048198847,108500
1087,4.154710976,0.054721576,0.024069063,0.048138126,108600
1088,4.15994836,0.05476275,0.02403876,0.04807752,108700
1089,4.165189036,0.054803913,0.024008514,0.048017028,108800
1090,4.170433005,0.054845067,0.023978325,0.047956651,108900
1091,4.17568027,0.054886211,0.023948194,0.047896387,109000
1092,4.18093083,0.054927346,0.023918119,0.047836237,109100
1093,4.186184688,0.05496847,0.0238881,0.047776201,109200
1094,4.191441844,0.055009585,0.023858138,0.047716277,109300
1095,4.196702301,0.05505069,0.023828233,0.047656466,109400
1096,4.201966059,0.055091786,0.023798384,0.047596767,109500
1097,4.20723312,0.055132871,0.02376859,0.04753718,109600
1098,4.212503485,0.055173947,0.023738853,0.047477706,109700
1099,4.217777156,0.055215014,0.023709171,0.047418342,109800
1100,4.223054134,0.05525607,0.023679545,0.04735909,109900
1101,4.228334419,0.055297117,0.023649974,0.047299948,110000
1102,4.233618015,0.055338154,0.023620459,0.047240918,110100
1103,4.238904921,0.055379182,0.023590999,0.047181997,110200
1104,4.24419514,0.0554202,0.023561593,0.047123187,110300
1105,4.249488672,0.055461208,0.023532243,0.047064486,110400
1106,4.25478552,0.055502207,0.023502947,0.047005895,110500
1107,4.260085683,0.055543196,0.023473706,0.046947413,110600
1108,4.265389165,0.055584175,0.02344452,0.046889039,110700
1109,4.270695965,0.055625145,0.023415387,0.046830775,110800
1110,4.276006086,0.055666105,0.023386309,0.046772618,110900
1111,4.281319529,0.055707056,0.023357285,0.04671457,111000
1112,4.286636295,0.055747997,0.023328315,0.046656629,111100
1113,4.291956385,0.055788928,0.023299398,0.046598796,111200
1114,4.297279801,0.05582985,0.023270535,0.04654107,111300
1115,4.302606545,0.055870762,0.023241725,0.046483451,111400
1116,4.307936617,0.055911665,0.023212969,0.046425938,111500
1117,4.313270019,0.055952558,0.023184266,0.046368532,111600
1118,4.318606752,0.055993442,0.023155616,0.046311232,111700
1119,4.323946817,0.056034316,0.023127019,0.046254038,111800
1120,4.329290217,0.05607518,0.023098475,0.046196949,111900
1121,4.334636952,0.056116035,0.023069983,0.046139966,112000
1122,4.339987024,0.056156881,0.023041544,0.046083087,112100
1123,4.345340434,0.056197717,0.023013157,0.046026313,112200
1124,4.350697184,0.056238543,0.022984822,0.045969644,112300
1125,4.356057274,0.05627936,0.022956539,0.045913079,112400
1126,4.361420706,0.056320168,0.022928309,0.045856617,112500
1127,4.366787482,0.056360966,0.02290013,0.04580026,112600
1128,4.372157603,0.056401755,0.022872003,0.045744005,112700
1129,4.37753107,0.056442534,0.022843927,0.045687854,112800
1130,4.382907884,0.056483304,0.022815903,0.045631805,112900
1131,4.388288048,0.056524064,0.02278793,0.04557586,113000
1132,4.393671562,0.056564815,0.022760008,0.045520016,113100
1133,4.399058427,0.056605556,0.022732137,0.045464275,113200
1134,4.404448646,0.056646288,0.022704317,0.045408635,113300
1135,4.409842219,0.056687011,0.022676548,0.045353097,113400
1136,4.415239148,0.056727724,0.02264883,0.04529766,113500
1137,4.420639434,0.056768428,0.022621162,0.045242324,113600
1138,4.426043079,0.056809123,0.022593544,0.045187088,113700
1139,4.431450084,0.056849808,0.022565977,0.045131954,113800
1140,4.436860449,0.056890483,0.02253846,0.045076919,113900
1141,4.442274178,0.05693115,0.022510992,0.045021985,114000
1142,4.44769127,0.056971807,0.022483575,0.04496715,114100
1143,4.453111728,0.057012454,0.022456207,0.044912415,114200
1144,4.458535553,0.057053093,0.022428889,0.044857778,114300
1145,4.463962746,0.057093722,0.022401621,0.044803241,114400
1146,4.469393308,0.057134341,0.022374401,0.044748803,114500
1147,4.474827241,0.057174952,0.022347231,0.044694463,114600
1148,4.480264546,0.057215553,0.022320111,0.044640221,114700
1149,4.485705225,0.057256145,0.022293039,0.044586077,114800
1150,4.491149279,0.057296727,0.022266016,0.044532031,114900
1151,4.49659671,0.0573373,0.022239041,0.044478083,115000
1152,4.502047517,0.057377864,0.022212116,0.044424231,115100
1153,4.507501705,0.057418419,0.022185238,0.044370477,115200
1154,4.512959272,0.057458964,0.02215841,0.044316819,115300
1155,4.518420222,0.0574995,0.022131629,0.044263258,115400
1156,4.523884554,0.057540027,0.022104897,0.044209793,115500
1157,4.529352271,0.057580545,0.022078212,0.044156424,115600
1158,4.534823375,0.057621053,0.022051575,0.044103151,115700
1159,4.540297865,0.057661552,0.022024987,0.044049973,115800
1160,4.545775744,0.057702042,0.021998446,0.043996891,115900
1161,4.551257014,0.057742523,0.021971952,0.043943904,116000
1162,4.556741674,0.057782995,0.021945506,0.043891011,116100
1163,4.562229728,0.057823457,0.021919107,0.043838213,116200
1164,4.567721176,0.05786391,0.021892755,0.04378551,116300
1165,4.57321602,0.057904354,0.02186645,0.0437329,116400
1166,4.57871426,0.057944789,0.021840192,0.043680385,116500
1167,4.584215899,0.057985214,0.021813981,0.043627963,116600
1168,4.589720938,0.058025631,0.021787817,0.043575634,116700
1169,4.595229377,0.058066038,0.021761699,0.043523399,116800
1170,4.60074122,0.058106437,0.021735628,0.043471256,116900
1171,4.606256466,0.058146826,0.021709603,0.043419206,117000
1172,4.611775117,0.058187206,0.021683625,0.043367249,117100
1173,4.617297175,0.058227576,0.021657692,0.043315384,117200
1174,4.622822642,0.058267938,0.021631805,0.043263611,117300
1175,4.628351517,0.058308291,0.021605965,0.04321193,117400
1176,4.633883804,0.058348634,0.02158017,0.04316034,117500
1177,4.639419502,0.058388969,0.021554421,0.043108842,117600
1178,4.644958614,0.058429294,0.021528717,0.043057434,117700
1179,4.650501142,0.05846961,0.021503059,0.043006118,117800
1180,4.656047085,0.058509917,0.021477446,0.042954892,117900
1181,4.661596446,0.058550215,0.021451878,0.042903757,118000
1182,4.667149227,0.058590505,0.021426356,0.042852712,118100
1183,4.672705427,0.058630785,0.021400878,0.042801757,118200
1184,4.67826505,0.058671056,0.021375446,0.042750891,118300
1185,4.683828096,0.058711317,0.021350058,0.042700115,118400
1186,4.689394567,0.05875157,0.021324714,0.042649429,118500
1187,4.694964464,0.058791814,0.021299416,0.042598831,118600
1188,4.700537788,0.058832049,0.021274161,0.042548323,118700
1189,4.706114541,0.058872275,0.021248952,0.042497903,118800
1190,4.711694724,0.058912492,0.021223786,0.042447572,118900
1191,4.717278339,0.0589527,0.021198664,0.042397329,119000
1192,4.722865387,0.058992899,0.021173587,0.042347174,119100
1193,4.728455869,0.059033089,0.021148553,0.042297106,119200
1194,4.734049787,0.05907327,0.021123563,0.042247126,119300
1195,4.739647143,0.059113442,0.021098617,0.042197234,119400
1196,4.745247937,0.059153605,0.021073714,0.042147429,119500
1197,4.750852171,0.059193759,0.021048855,0.042097711,119600
1198,4.756459846,0.059233904,0.02102404,0.042048079,119700
1199,4.762070964,0.05927404,0.020999267,0.041998534,119800
1200,4.767685526,0.059314168,0.020974538,0.041949075,119900
1201,4.773303534,0.059354286,0.020949851,0.041899703,120000
1202,4.778924988,0.059394395,0.020925208,0.041850416,120100
1203,4.784549891,0.059434496,0.020900608,0.041801215,120200
1204,4.790178244,0.059474588,0.02087605,0.0417521,120300
1205,4.795810048,0.05951467,0.020851535,0.04170307,120400
1206,4.801445304,0.059554744,0.020827062,0.041654124,120500
1207,4.807084015,0.059594809,0.020802632,0.041605264,120600
1208,4.81272618,0.059634865,0.020778244,0.041556488,120700
1209,4.818371803,0.059674913,0.020753899,0.041507797,120800
1210,4.824020883,0.059714951,0.020729595,0.04145919,120900
1211,4.829673423,0.059754981,0.020705334,0.041410667,121000
1212,4.835329424,0.059795001,0.020681114,0.041362228,121100
1213,4.840988887,0.059835013,0.020656936,0.041313873,121200
1214,4.846651814,0.059875016,0.020632801,0.041265601,121300
1215,4.852318207,0.059915011,0.020608706,0.041217412,121400
1216,4.857988065,0.059954996,0.020584653,0.041169307,121500
1217,4.863661392,0.059994973,0.020560642,0.041121284,121600
1218,4.869338188,0.060034941,0.020536672,0.041073343,121700
1219,4.875018455,0.0600749,0.020512743,0.041025486,121800
1220,4.880702194,0.06011485,0.020488855,0.04097771,121900
1221,4.886389406,0.060154791,0.020465008,0.040930017,122000
1222,4.892080093,0.060194724,0.020441203,0.040882405,122100
1223,4.897774257,0.060234648,0.020417438,0.040834875,122200
1224,4.903471899,0.060274563,0.020393713,0.040787427,122300
1225,4.909173019,0.060314469,0.02037003,0.040740059,122400
1226,4.914877621,0.060354367,0.020346387,0.040692773,122500
1227,4.920585704,0.060394256,0.020322784,0.040645568,122600
1228,4.926297271,0.060434136,0.020299222,0.040598443,122700
1229,4.932012322,0.060474007,0.0202757,0.040551399,122800
1230,4.93773086,0.06051387,0.020252218,0.040504435,122900
1231,4.943452885,0.060553724,0.020228776,0.040457552,123000
1232,4.949178399,0.06059357,0.020205374,0.040410748,123100
1233,4.954907404,0.060633406,0.020182012,0.040364024,123200
1234,4.960639901,0.060673234,0.02015869,0.040317379,123300
1235,4.966375891,0.060713053,0.020135407,0.040270814,123400
1236,4.972115375,0.060752864,0.020112164,0.040224328,123500
1237,4.977858356,0.060792666,0.020088961,0.040177921,123600
1238,4.983604834,0.060832459,0.020065796,0.040131593,123700
1239,4.989354811,0.060872243,0.020042672,0.040085343,123800
1240,4.995108288,0.060912019,0.020019586,0.040039172,123900
1241,5.000865267,0.060951786,0.01999654,0.039993079,124000
1242,5.00662575,0.060991545,0.019973532,0.039947064,124100
1243,5.012389737,0.061031295,0.019950564,0.039901127,124200
1244,5.018157229,0.061071036,0.019927634,0.039855268,124300
1245,5.02392823,0.061110769,0.019904743,0.039809486,124400
1246,5.029702739,0.061150493,0.019881891,0.039763781,124500
1247,5.035480758,0.061190209,0.019859077,0.039718154,124600
1248,5.041262289,0.061229916,0.019836302,0.039672604,124700
1249,5.047047333,0.061269614,0.019813565,0.03962713,124800
1250,5.052835891,0.061309304,0.019790866,0.039581733,124900
1251,5.058627966,0.061348985,0.019768206,0.039536412,125000
1252,5.064423557,0.061388657,0.019745584,0.039491168,125100
1253,5.070222668,0.061428321,0.019723,0.039445999,125200
1254,5.076025299,0.061467977,0.019700453,0.039400907,125300
1255,5.081831451,0.061507623,0.019677945,0.03935589,125400
1256,5.087641126,0.061547262,0.019655474,0.039310949,125500
1257,5.093454326,0.061586892,0.019633041,0.039266083,125600
1258,5.099271051,0.061626513,0.019610646,0.039221292,125700
1259,5.105091304,0.061666125,0.019588288,0.039176576,125800
1260,5.110915085,0.06170573,0.019565968,0.039131936,125900
1261,5.116742397,0.061745325,0.019543685,0.039087369,126000
1262,5.12257324,0.061784912,0.019521439,0.039042878,126100
1263,5.128407616,0.061824491,0.01949923,0.03899846,126200
1264,5.134245526,0.061864061,0.019477058,0.038954117,126300
1265,5.140086973,0.061903623,0.019454924,0.038909847,126400
1266,5.145931956,0.061943176,0.019432826,0.038865652,126500
1267,5.151780478,0.061982721,0.019410765,0.03882153,126600
1268,5.157632541,0.062022257,0.019388741,0.038777481,126700
1269,5.163488145,0.062061785,0.019366753,0.038733506,126800
1270,5.169347291,0.062101304,0.019344802,0.038689604,126900
1271,5.175209982,0.062140815,0.019322887,0.038645775,127000
1272,5.181076219,0.062180317,0.019301009,0.038602018,127100
1273,5.186946004,0.062219811,0.019279167,0.038558335,127200
1274,5.192819336,0.062259297,0.019257362,0.038514723,127300
1275,5.198696219,0.062298774,0.019235592,0.038471184,127400
1276,5.204576654,0.062338242,0.019213859,0.038427717,127500
1277,5.210460641,0.062377703,0.019192161,0.038384322,127600
1278,5.216348183,0.062417155,0.019170499,0.038340999,127700
1279,5.222239281,0.062456598,0.019148874,0.038297747,127800
1280,5.228133936,0.062496033,0.019127284,0.038254567,127900
1281,5.234032149,0.06253546,0.019105729,0.038211458,128000
1282,5.239933923,0.062574878,0.01908421,0.03816842,128100
1283,5.245839258,0.062614288,0.019062727,0.038125453,128200
1284,5.251748157,0.062653689,0.019041279,0.038082557,128300
1285,5.257660619,0.062693082,0.019019866,0.038039732,128400
1286,5.263576648,0.062732467,0.018998488,0.037996977,128500
1287,5.269496244,0.062771844,0.018977146,0.037954292,128600
1288,5.275419408,0.062811212,0.018955839,0.037911678,128700
1289,5.281346143,0.062850571,0.018934567,0.037869133,128800
1290,5.287276449,0.062889923,0.018913329,0.037826658,128900
1291,5.293210329,0.062929266,0.018892127,0.037784253,129000
1292,5.299147783,0.062968601,0.018870959,0.037741918,129100
1293,5.305088812,0.063007927,0.018849826,0.037699652,129200
1294,5.31103342,0.063047245,0.018828727,0.037657455,129300
1295,5.316981606,0.063086555,0.018807663,0.037615327,129400
1296,5.322933372,0.063125857,0.018786634,0.037573268,129500
1297,5.32888872,0.06316515,0.018765639,0.037531277,129600
1298,5.334847651,0.063204435,0.018744678,0.037489355,129700
1299,5.340810166,0.063243711,0.018723751,0.037447502,129800
1300,5.346776268,0.06328298,0.018702859,0.037405717,129900
1301,5.352745957,0.06332224,0.018682,0.037364,130000
1302,5.358719235,0.063361492,0.018661175,0.037322351,130100
1303,5.364696104,0.063400735,0.018640385,0.03728077,130200
1304,5.370676564,0.063439971,0.018619628,0.037239256,130300
1305,5.376660617,0.063479198,0.018598905,0.03719781,130400
1306,5.382648265,0.063518417,0.018578216,0.037156431,130500
1307,5.388639509,0.063557627,0.01855756,0.03711512,130600
1308,5.394634351,0.06359683,0.018536938,0.037073875,130700
1309,5.400632792,0.063636024,0.018516349,0.037032697,130800
1310,5.406634833,0.06367521,0.018495793,0.036991586,130900
1311,5.412640476,0.063714388,0.018475271,0.036950542,131000
1312,5.418649722,0.063753557,0.018454782,0.036909564,131100
1313,5.424662574,0.063792719,0.018434326,0.036868653,131200
1314,5.430679031,0.063831872,0.018413904,0.036827807,131300
1315,5.436699097,0.063871017,0.018393514,0.036787028,131400
1316,5.442722771,0.063910154,0.018373157,0.036746314,131500
1317,5.448750056,0.063949282,0.018352833,0.036705666,131600
1318,5.454780953,0.063988403,0.018332542,0.036665084,131700
1319,5.460815464,0.064027515,0.018312283,0.036624567,131800
1320,5.466853589,0.064066619,0.018292057,0.036584115,131900
1321,5.472895331,0.064105715,0.018271864,0.036543728,132000
1322,5.478940691,0.064144803,0.018251703,0.036503407,132100
1323,5.48498967,0.064183883,0.018231575,0.03646315,132200
1324,5.49104227,0.064222954,0.018211479,0.036422958,132300
1325,5.497098493,0.064262018,0.018191415,0.03638283,132400
1326,5.503158339,0.064301073,0.018171383,0.036342767,132500
1327,5.50922181,0.064340121,0.018151384,0.036302768,132600
1328,5.515288907,0.06437916,0.018131416,0.036262833,132700
1329,5.521359633,0.064418191,0.018111481,0.036222962,132800
1330,5.527433988,0.064457214,0.018091577,0.036183155,132900
1331,5.533511974,0.064496228,0.018071706,0.036143411,133000
1332,5.539593593,0.064535235,0.018051866,0.036103732,133100
1333,5.545678846,0.064574234,0.018032058,0.036064115,133200
1334,5.551767734,0.064613225,0.018012281,0.036024562,133300
1335,5.557860258,0.064652207,0.017992536,0.035985072,133400
1336,5.563956421,0.064691182,0.017972822,0.035945645,133500
1337,5.570056224,0.064730148,0.01795314,0.03590628,133600
1338,5.576159668,0.064769106,0.017933489,0.035866979,133700
1339,5.582266755,0.064808057,0.01791387,0.03582774,133800
1340,5.588377485,0.064846999,0.017894282,0.035788563,133900
1341,5.594491862,0.064885933,0.017874724,0.035749449,134000
1342,5.600609885,0.064924859,0.017855198,0.035710397,134100
1343,5.606731557,0.064963778,0.017835703,0.035671406,134200
1344,5.612856879,0.065002688,0.017816239,0.035632478,134300
1345,5.618985852,0.06504159,0.017796806,0.035593612,134400
1346,5.625118478,0.065080484,0.017777403,0.035554807,134500
1347,5.631254759,0.06511937,0.017758032,0.035516063,134600
1348,5.637394695,0.065158249,0.017738691,0.035477381,134700
1349,5.643538289,0.065197119,0.01771938,0.03543876,134800
1350,5.649685541,0.065235981,0.0177001,0.0354002,134900
1351,5.655836454,0.065274835,0.017680851,0.035361701,135000
1352,5.661991029,0.065313682,0.017661632,0.035323263,135100
1353,5.668149266,0.06535252,0.017642443,0.035284886,135200
1354,5.674311169,0.06539135,0.017623284,0.035246569,135300
1355,5.680476737,0.065430173,0.017604156,0.035208312,135400
1356,5.686645973,0.065468987,0.017585058,0.035170116,135500
1357,5.692818878,0.065507794,0.01756599,0.03513198,135600
1358,5.698995454,0.065546592,0.017546952,0.035093904,135700
1359,5.705175701,0.065585383,0.017527944,0.035055888,135800
1360,5.711359622,0.065624165,0.017508966,0.035017931,135900
1361,5.717547219,0.06566294,0.017490017,0.034980035,136000
1362,5.723738491,0.065701707,0.017471099,0.034942197,136100
1363,5.729933441,0.065740466,0.01745221,0.034904419,136200
1364,5.736132071,0.065779217,0.01743335,0.034866701,136300
1365,5.742334382,0.06581796,0.017414521,0.034829041,136400
1366,5.748540375,0.065856696,0.01739572,0.03479144,136500
1367,5.754750051,0.065895423,0.017376949,0.034753899,136600
1368,5.760963414,0.065934143,0.017358208,0.034716416,136700
1369,5.767180462,0.065972854,0.017339496,0.034678991,136800
1370,5.773401199,0.066011558,0.017320813,0.034641625,136900
1371,5.779625626,0.066050254,0.017302159,0.034604317,137000
1372,5.785853744,0.066088942,0.017283534,0.034567068,137100
1373,5.792085555,0.066127622,0.017264938,0.034529877,137200
1374,5.798321059,0.066166294,0.017246372,0.034492743,137300
1375,5.80456026,0.066204959,0.017227834,0.034455668,137400
1376,5.810803157,0.066243616,0.017209325,0.03441865,137500
1377,5.817049753,0.066282264,0.017190845,0.03438169,137600
1378,5.82330005,0.066320905,0.017172394,0.034344787,137700
1379,5.829554047,0.066359539,0.017153971,0.034307942,137800
1380,5.835811748,0.066398164,0.017135577,0.034271153,137900
1381,5.842073154,0.066436781,0.017117211,0.034234422,138000
1382,5.848338265,0.066475391,0.017098874,0.034197748,138100
1383,5.854607084,0.066513993,0.017080566,0.034161131,138200
1384,5.860879612,0.066552587,0.017062285,0.034124571,138300
1385,5.86715585,0.066591174,0.017044033,0.034088067,138400
1386,5.8734358,0.066629752,0.01702581,0.034051619,138500
1387,5.879719464,0.066668323,0.017007614,0.034015228,138600
1388,5.886006842,0.066706886,0.016989447,0.033978894,138700
1389,5.892297937,0.066745441,0.016971307,0.033942615,138800
1390,5.89859275,0.066783989,0.016953196,0.033906392,138900
1391,5.904891283,0.066822529,0.016935113,0.033870226,139000
1392,5.911193536,0.066861061,0.016917057,0.033834115,139100
1393,5.917499512,0.066899585,0.01689903,0.033798059,139200
1394,5.923809211,0.066938101,0.01688103,0.03376206,139300
1395,5.930122636,0.06697661,0.016863058,0.033726115,139400
1396,5.936439787,0.067015111,0.016845113,0.033690226,139500
1397,5.942760667,0.067053605,0.016827196,0.033654392,139600
1398,5.949085277,0.06709209,0.016809307,0.033618614,139700
1399,5.955413618,0.067130568,0.016791445,0.03358289,139800
1400,5.961745692,0.067169038,0.01677361,0.033547221,139900
1401,5.968081501,0.067207501,0.016755803,0.033511607,140000
1402,5.974421045,0.067245956,0.016738024,0.033476047,140100
1403,5.980764326,0.067284403,0.016720271,0.033440542,140200
1404,5.987111346,0.067322842,0.016702546,0.033405091,140300
1405,5.993462107,0.067361274,0.016684847,0.033369695,140400
1406,5.999816609,0.067399698,0.016667176,0.033334352,140500
1407,6.006174854,0.067438114,0.016649532,0.033299064,140600
1408,6.012536845,0.067476523,0.016631915,0.033263829,140700
1409,6.018902581,0.067514924,0.016614324,0.033228649,140800
1410,6.025272066,0.067553317,0.016596761,0.033193522,140900
1411,6.031645299,0.067591703,0.016579224,0.033158448,141000
1412,6.038022284,0.067630081,0.016561714,0.033123429,141100
1413,6.04440302,0.067668452,0.016544231,0.033088462,141200
1414,6.050787511,0.067706814,0.016526774,0.033053549,141300
1415,6.057175757,0.06774517,0.016509344,0.033018689,141400
1416,6.063567759,0.067783517,0.016491941,0.032983881,141500
1417,6.06996352,0.067821857,0.016474564,0.032949127,141600
1418,6.07636304,0.067860189,0.016457213,0.032914426,141700
1419,6.082766322,0.067898514,0.016439888,0.032879777,141800
1420,6.089173367,0.067936831,0.01642259,0.032845181,141900
1421,6.095584176,0.067975141,0.016405319,0.032810637,142000
1422,6.101998751,0.068013443,0.016388073,0.032776146,142100
1423,6.108417093,0.068051737,0.016370853,0.032741707,142200
1424,6.114839204,0.068090024,0.01635366,0.03270732,142300
1425,6.121265085,0.068128303,0.016336492,0.032672985,142400
1426,6.127694738,0.068166575,0.016319351,0.032638702,142500
1427,6.134128165,0.068204839,0.016302235,0.03260447,142600
1428,6.140565366,0.068243095,0.016285145,0.032570291,142700
1429,6.147006344,0.068281344,0.016268081,0.032536163,142800
1430,6.153451099,0.068319585,0.016251043,0.032502087,142900
1431,6.159899634,0.068357819,0.016234031,0.032468061,143000
1432,6.16635195,0.068396045,0.016217044,0.032434088,143100
1433,6.172808048,0.068434264,0.016200083,0.032400165,143200
1434,6.17926793,0.068472475,0.016183147,0.032366294,143300
1435,6.185731597,0.068510679,0.016166237,0.032332473,143400
1436,6.192199052,0.068548875,0.016149352,0.032298703,143500
1437,6.198670295,0.068587064,0.016132492,0.032264984,143600
1438,6.205145327,0.068625245,0.016115658,0.032231316,143700
1439,6.211624152,0.068663418,0.016098849,0.032197698,143800
1440,6.218106769,0.068701585,0.016082065,0.032164131,143900
1441,6.224593181,0.068739743,0.016065307,0.032130614,144000
1442,6.231083389,0.068777894,0.016048574,0.032097147,144100
1443,6.237577394,0.068816038,0.016031865,0.03206373,144200
1444,6.244075198,0.068854174,0.016015182,0.032030364,144300
1445,6.250576803,0.068892303,0.015998524,0.031997047,144400
1446,6.25708221,0.068930424,0.01598189,0.03196378,144500
1447,6.263591421,0.068968538,0.015965281,0.031930563,144600
1448,6.270104437,0.069006644,0.015948698,0.031897395,144700
1449,6.276621259,0.069044743,0.015932139,0.031864277,144800
1450,6.28314189,0.069082834,0.015915604,0.031831209,144900
1451,6.28966633,0.069120918,0.015899095,0.031798189,145000
1452,6.296194581,0.069158994,0.01588261,0.031765219,145100
1453,6.302726645,0.069197063,0.015866149,0.031732298,145200
1454,6.309262524,0.069235125,0.015849713,0.031699426,145300
1455,6.315802218,0.069273179,0.015833301,0.031666603,145400
1456,6.322345729,0.069311226,0.015816914,0.031633828,145500
1457,6.32889306,0.069349265,0.015800551,0.031601103,145600
1458,6.33544421,0.069387297,0.015784213,0.031568426,145700
1459,6.341999183,0.069425322,0.015767899,0.031535797,145800
1460,6.348557979,0.069463339,0.015751609,0.031503217,145900
1461,6.3551206,0.069501349,0.015735343,0.031470685,146000
1462,6.361687047,0.069539351,0.015719101,0.031438202,146100
1463,6.368257322,0.069577346,0.015702883,0.031405766,146200
1464,6.374831427,0.069615333,0.015686689,0.031373379,146300
1465,6.381409363,0.069653313,0.01567052,0.031341039,146400
1466,6.387991131,0.069691286,0.015654374,0.031308747,146500
1467,6.394576733,0.069729252,0.015638252,0.031276503,146600
1468,6.401166171,0.06976721,0.015622153,0.031244307,146700
1469,6.407759447,0.06980516,0.015606079,0.031212158,146800
1470,6.41435656,0.069843104,0.015590028,0.031180057,146900
1471,6.420957514,0.06988104,0.015574001,0.031148002,147000
1472,6.42756231,0.069918968,0.015557998,0.031115996,147100
1473,6.434170949,0.06995689,0.015542018,0.031084036,147200
1474,6.440783433,0.069994804,0.015526062,0.031052123,147300
1475,6.447399763,0.07003271,0.015510129,0.031020257,147400
1476,6.454019941,0.07007061,0.015494219,0.030988438,147500
1477,6.460643969,0.070108502,0.015478333,0.030956666,147600
1478,6.467271847,0.070146386,0.01546247,0.030924941,147700
1479,6.473903578,0.070184264,0.015446631,0.030893262,147800
1480,6.480539163,0.070222134,0.015430815,0.03086163,147900
1481,6.487178603,0.070259996,0.015415022,0.030830044,148000
1482,6.493821901,0.070297852,0.015399252,0.030798504,148100
1483,6.500469057,0.0703357,0.015383505,0.030767011,148200
1484,6.507120073,0.070373541,0.015367782,0.030735563,148300
1485,6.513774951,0.070411374,0.015352081,0.030704162,148400
1486,6.520433693,0.070449201,0.015336403,0.030672806,148500
1487,6.527096299,0.07048702,0.015320748,0.030641497,148600
1488,6.533762771,0.070524831,0.015305116,0.030610233,148700
1489,6.540433111,0.070562636,0.015289507,0.030579015,148800
1490,6.547107321,0.070600433,0.015273921,0.030547842,148900
1491,6.553785401,0.070638223,0.015258357,0.030516715,149000
1492,6.560467355,0.070676006,0.015242816,0.030485633,149100
1493,6.567153182,0.070713781,0.015227298,0.030454596,149200
1494,6.573842884,0.07075155,0.015211803,0.030423605,149300
1495,6.580536464,0.070789311,0.015196329,0.030392659,149400
1496,6.587233922,0.070827064,0.015180879,0.030361758,149500
1497,6.593935261,0.070864811,0.015165451,0.030330901,149600
1498,6.600640482,0.07090255,0.015150045,0.03030009,149700
1499,6.607349585,0.070940282,0.015134662,0.030269323,149800
1500,6.614062574,0.070978007,0.015119301,0.030238601,149900
1501,6.620779449,0.071015725,0.015103962,0.030207924,150000
1502,6.627500212,0.071053436,0.015088645,0.030177291,150100
1503,6.634224864,0.071091139,0.015073351,0.030146702,150200
1504,6.640953407,0.071128835,0.015058079,0.030116158,150300
1505,6.647685843,0.071166524,0.015042829,0.030085658,150400
1506,6.654422174,0.071204206,0.015027601,0.030055202,150500
1507,6.661162399,0.07124188,0.015012395,0.03002479,150600
1508,6.667906523,0.071279548,0.014997211,0.029994422,150700
1509,6.674654545,0.071317208,0.014982049,0.029964098,150800
1510,6.681406467,0.071354861,0.014966909,0.029933817,150900
1511,6.688162291,0.071392507,0.01495179,0.029903581,151000
1512,6.694922019,0.071430145,0.014936694,0.029873388,151100
1513,6.701685651,0.071467777,0.014921619,0.029843238,151200
1514,6.70845319,0.071505401,0.014906566,0.029813132,151300
1515,6.715224638,0.071543019,0.014891535,0.029783069,151400
1516,6.721999995,0.071580629,0.014876525,0.02975305,151500
1517,6.728779263,0.071618232,0.014861537,0.029723073,151600
1518,6.735562444,0.071655828,0.01484657,0.02969314,151700
1519,6.742349539,0.071693416,0.014831625,0.02966325,151800
1520,6.74914055,0.071730998,0.014816701,0.029633403,151900
1521,6.755935479,0.071768572,0.014801799,0.029603598,152000
1522,6.762734327,0.07180614,0.014786918,0.029573837,152100
1523,6.769537095,0.0718437,0.014772059,0.029544118,152200
1524,6.776343786,0.071881253,0.014757221,0.029514441,152300
1525,6.7831544,0.071918799,0.014742404,0.029484807,152400
1526,6.789968939,0.071956338,0.014727608,0.029455216,152500
1527,6.796787406,0.07199387,0.014712833,0.029425667,152600
1528,6.8036098,0.072031395,0.01469808,0.02939616,152700
1529,6.810436125,0.072068913,0.014683347,0.029366695,152800
1530,6.817266381,0.072106423,0.014668636,0.029337272,152900
1531,6.82410057,0.072143927,0.014653946,0.029307892,153000
1532,6.830938694,0.072181423,0.014639276,0.029278553,153100
1533,6.837780754,0.072218913,0.014624628,0.029249256,153200
1534,6.844626752,0.072256395,0.01461,0.029220001,153300
1535,6.851476689,0.072293871,0.014595394,0.029190787,153400
1536,6.858330567,0.072331339,0.014580808,0.029161616,153500
1537,6.865188388,0.0723688,0.014566243,0.029132485,153600
1538,6.872050152,0.072406254,0.014551698,0.029103396,153700
1539,6.878915863,0.072443702,0.014537174,0.029074349,153800
1540,6.88578552,0.072481142,0.014522671,0.029045343,153900
1541,6.892659126,0.072518575,0.014508189,0.029016378,154000
1542,6.899536683,0.072556001,0.014493727,0.028987454,154100
1543,6.906418191,0.07259342,0.014479285,0.028958571,154200
1544,6.913303653,0.072630832,0.014464864,0.028929729,154300
1545,6.92019307,0.072668237,0.014450464,0.028900928,154400
1546,6.927086443,0.072705635,0.014436084,0.028872167,154500
1547,6.933983775,0.072743026,0.014421724,0.028843448,154600
1548,6.940885066,0.07278041,0.014407385,0.028814769,154700
1549,6.947790319,0.072817787,0.014393065,0.028786131,154800
1550,6.954699535,0.072855157,0.014378766,0.028757533,154900
1551,6.961612715,0.072892521,0.014364488,0.028728975,155000
1552,6.968529861,0.072929877,0.014350229,0.028700458,155100
1553,6.975450975,0.072967226,0.014335991,0.028671981,155200
1554,6.982376058,0.073004568,0.014321772,0.028643545,155300
1555,6.989305111,0.073041903,0.014307574,0.028615148,155400
1556,6.996238138,0.073079231,0.014293396,0.028586791,155500
1557,7.003175138,0.073116553,0.014279237,0.028558475,155600
1558,7.010116113,0.073153867,0.014265099,0.028530198,155700
1559,7.017061066,0.073191174,0.01425098,0.028501961,155800
1560,7.024009997,0.073228475,0.014236882,0.028473764,155900
1561,7.030962909,0.073265768,0.014222803,0.028445606,156000
1562,7.037919803,0.073303055,0.014208744,0.028417488,156100
1563,7.04488068,0.073340335,0.014194705,0.028389409,156200
1564,7.051845542,0.073377607,0.014180685,0.02836137,156300
1565,7.05881439,0.073414873,0.014166685,0.02833337,156400
1566,7.065787227,0.073452132,0.014152705,0.028305409,156500
1567,7.072764053,0.073489384,0.014138744,0.028277488,156600
1568,7.079744871,0.073526629,0.014124803,0.028249606,156700
1569,7.086729682,0.073563867,0.014110881,0.028221762,156800
1570,7.093718487,0.073601098,0.014096979,0.028193958,156900
1571,7.100711288,0.073638323,0.014083096,0.028166192,157000
1572,7.107708087,0.07367554,0.014069233,0.028138466,157100
1573,7.114708886,0.073712751,0.014055389,0.028110778,157200
1574,7.121713685,0.073749954,0.014041564,0.028083128,157300
1575,7.128722487,0.073787151,0.014027759,0.028055518,157400
1576,7.135735292,0.073824341,0.014013973,0.028027946,157500
1577,7.142752104,0.073861524,0.014000206,0.028000412,157600
1578,7.149772922,0.0738987,0.013986458,0.027972916,157700
1579,7.156797749,0.07393587,0.01397273,0.027945459,157800
1580,7.163826587,0.073973032,0.01395902,0.02791804,157900
1581,7.170859437,0.074010188,0.01394533,0.02789066,158000
1582,7.1778963,0.074047336,0.013931658,0.027863317,158100
1583,7.184937179,0.074084478,0.013918006,0.027836012,158200
1584,7.191982074,0.074121613,0.013904373,0.027808746,158300
1585,7.199030988,0.074158742,0.013890758,0.027781517,158400
1586,7.206083921,0.074195863,0.013877163,0.027754326,158500
1587,7.213140877,0.074232978,0.013863586,0.027727172,158600
1588,7.220201855,0.074270085,0.013850028,0.027700057,158700
1589,7.227266858,0.074307186,0.013836489,0.027672978,158800
1590,7.234335887,0.07434428,0.013822969,0.027645938,158900
1591,7.241408945,0.074381368,0.013809467,0.027618935,159000
1592,7.248486032,0.074418448,0.013795984,0.027591969,159100
1593,7.25556715,0.074455522,0.01378252,0.02756504,159200
1594,7.262652301,0.074492589,0.013769074,0.027538149,159300
1595,7.269741486,0.074529649,0.013755647,0.027511295,159400
1596,7.276834707,0.074566702,0.013742239,0.027484478,159500
1597,7.283931966,0.074603749,0.013728849,0.027457697,159600
1598,7.291033264,0.074640788,0.013715477,0.027430954,159700
1599,7.298138602,0.074677821,0.013702124,0.027404248,159800
1600,7.305247983,0.074714847,0.013688789,0.027377578,159900
1601,7.312361408,0.074751867,0.013675473,0.027350946,160000